DefaultName,SpecTypeNIR,SpTNIR_indx,mag_upp,mag_low,Teff (K),Teff_unc (K),SexagesimalRA,SexagesimalDec,RA (deg),RA_unc (mas),Dec (deg),Dec_unc (mas),Epoch,Parallax (mas),Parallax_unc (mas),PMRA (mas/yr),PMRA_unc (mas/yr),PMDec (mas/yr),PMDec_unc (mas/yr),PlxPMRef,RUWE,#CompsInThisSystem,2MASS,WISE,Gaia,SpTNIR_ref,JMKO (mag),JMKOerr (mag),J2MASS (mag),J2MASSerr (mag),H (mag),Herr (mag),K (mag),Kerr (mag),Ks (mag),Kserr (mag),JHK_ref,2MASS_contam?,W1 (mag),W1err (mag),W2 (mag),W2err (mag),W3 (mag),W3err (mag),W4 (mag),W4err (mag),WISEphot_ref,WISE_contam?,GeneralNotes
2MASS J05103524-4208146,T5,65.0,100.0,13.8,1006,88,05 10 35.40,-42 08 05.3,77.647251,,-42.135453,,2011.12,51.39,2.64,86.98,0.55,588.34,0.39,Kirkpatrick2024,,1,2MASS J05103524-4208146,WISEA J051035.36-420808.4,,Kirkpatrick2011,15.87,0.01,16.22,0.09,16.24,0.16,,,15.85,0.02,VKK-V,,15.632,0.016,14.036,0.012,11.957,0.158,8.856,0.247,CCAA,,
ULAS J101243.54+102101.7,T5.5,65.5,100.0,13.8,799,88,10 12 43.27,+10 20 56.4,153.1806583,,10.349433,,2014.38,59.7,1.8,-405.7,1.9,-545.9,1.9,Best2020,,1,,WISEA J101243.44+102059.8,,Burningham2013,16.88,0.01,,,17.24,0.05,17.45,0.08,,,u-uu-,,16.85,0.058,14.264,0.022,12.161,0.403,8.914,,CCAA,,
WISE J200804.71-083428.5,T5.5,65.5,100.0,13.8,896,88,20 08 04.80,-08 34 29.5,302.020104,3.7,-8.574862,3.6,2016.31,57.8,3.3,304.6,1.2,-156.3,1.2,Kirkpatrick2021a,,1,2MASS J20080450-0834266,WISEA J200804.71-083428.6,,Mace2013a,16.07,0.01,16.37,0.12,16.69,0.31,,,16.31,0.04,V22-V,,15.947,0.026,14.18,0.018,12.55,,8.577,,CCAA,,
SDSS J074149.15+235127.5,T5.5,65.5,100.0,13.8,909,88,07 41 48.89,+23 51 24.4,115.453611,4.5,23.856717,4.3,2016.53,73.2,3.4,-264.1,1.6,-220.1,1.5,Kirkpatrick2021a,,1,2MASS J07414920+2351275,WISEA J074148.97+235125.2,,Burgasser2010b,15.89,0.01,16.16,0.1,16.1,0.02,16.28,0.04,15.85,,uKuu2,,15.824,0.027,14.114,0.017,11.843,,8.343,,CCAA,,
SDSSp J111010.01+011613.1,T5.5,65.5,100.0,13.8,926,18,11 10 09.77,+01 16 08.8,167.5412,,1.26996,,2008.13,52.1,1.2,-217.1,0.7,-280.8,0.7,Dupuy2012,,1,2MASS J11101001+0116130,WISEA J111009.83+011610.1,,Burgasser2006,16.16,0.01,16.34,0.12,16.2,0.02,16.05,0.03,15.93,0.05,uKuuD,,15.415,0.019,13.964,0.015,12.0,0.294,9.117,,CCAA,,
WISEPA J044853.29-193548.5,T5 pec,65.0,100.0,13.8,950,88,04 48 53.71,-19 35 43.6,72.223712,3.1,-19.595535,3.1,2016.36,57.6,3.0,901.1,0.9,761.1,0.9,Kirkpatrick2021a,,1,,WISEA J044853.30-193548.4,,Kirkpatrick2011,16.61,0.01,16.99,0.17,16.39,0.19,,,17.47,0.11,VKK-V,,16.302,0.031,14.23,0.016,12.334,,8.912,,CCAA,,
SDSS J074201.41+205520.5,T5,65.0,100.0,13.8,958,102,07 42 00.89,+20 55 15.7,115.503627,3.0,20.920997,2.9,2016.08,63.5,3.1,-327.3,0.8,-230.4,0.7,Kirkpatrick2021a,,1,2MASS J07420130+2055198,WISEA J074201.00+205516.9,,Burgasser2010b,15.76,0.01,16.19,0.09,15.95,0.03,16.06,0.03,15.23,,UKff2,,15.633,0.023,13.872,0.015,11.958,,8.822,,CCAA,,
CWISE J054025.89-180240.3,T5,65.0,100.0,13.8,982,88,05 40 25.90,-18 02 40.4,85.1080328,,-18.044503,,2014.78,59.2,4.0,-94.0,3.0,-10.3,2.3,Best2020,,1,,CWISE J054025.89-180240.3,,Kirkpatrick2021a,15.95,0.01,15.99,0.08,16.16,0.2,,,16.01,0.04,V22-V,,15.808,0.025,14.301,0.017,12.358,0.404,,,CCA-,,
2MASSI J2356547-155310,T5.5,65.5,100.0,13.8,1007,88,23 56 54.20,-15 53 23.0,359.226264,,-15.888962,,2013.55,64.78,2.26,-432.19,0.39,-605.38,0.63,Kirkpatrick2024,,1,2MASS J23565477-1553111,WISEA J235654.40-155318.7,,Burgasser2010b,15.56,0.01,15.82,0.06,15.7,0.03,15.73,0.03,15.57,0.02,VKffV,,15.574,0.028,13.83,0.022,12.168,0.376,8.921,,CCAA,,
2MASS J10073369-4555147,T5.5,65.5,100.0,13.8,1017,94,10 07 32.64,-45 55 12.3,151.8859912,,-45.9200925,,2015.4,72.64,2.8,-721.89,1.0,148.17,0.66,Smart-priv-comm,,1,2MASS J10073369-4555147,WISEA J100732.94-455512.9,,Looper2007,15.49,0.01,15.65,0.07,15.69,0.12,15.56,0.23,15.58,0.03,VKKfV,,15.608,0.021,13.875,0.012,12.206,,9.085,,CCAA,,
WISE J004542.56+361139.1,T5,65.0,100.0,13.8,1021,88,00 45 42.54,+36 11 38.5,11.427213,5.0,36.193936,5.5,2015.99,57.0,3.7,-83.6,1.5,-165.8,1.6,Kirkpatrick2021a,,1,2MASS J00454267+3611406,WISEA J004542.57+361138.9,,Mace2013a,15.88,0.01,16.15,0.08,16.04,0.15,,,15.8,0.2,U22-2,,15.388,0.019,13.8,0.014,12.65,0.457,8.806,,CCAA,,
2MASS J04070885+1514565,T5.5,65.5,100.0,13.8,1027,88,04 07 09.03,+15 14 55.1,61.787883,,15.24844,,2019.8,57.01,2.24,211.81,0.34,-120.64,0.33,Kirkpatrick2024,,1,2MASS J04070885+1514565,WISEA J040708.96+151455.6,,Burgasser2010b,15.67,0.01,16.06,0.09,16.02,0.21,,,15.92,0.26,UKK-2,,15.371,0.02,13.939,0.016,12.118,0.39,8.542,,CCAA,,
SDSS J212413.89+010000.3,T5,65.0,100.0,13.8,1034,88,21 24 14.06,+01 00 03.8,321.0585791,,1.00104,,2014.39,57.0,3.2,186.2,2.9,262.1,2.0,Best2020,,1,2MASS J21241387+0059599,WISEA J212414.00+010002.5,,Burgasser2010b,15.86,0.01,16.03,0.07,15.98,0.01,16.09,0.03,15.91,0.01,VKVuV,,15.654,0.022,14.184,0.017,12.41,,9.018,,CCAA,,
WISE J054601.19-095947.5,T5,65.0,100.0,13.8,1105,88,05 46 01.19,-09 59 47.4,86.5050365,,-9.996472,,2014.86,50.4,3.6,-7.9,2.8,-8.7,2.1,Best2020,,1,2MASS J05460119-0959472,WISEA J054601.19-095947.4,,Mace2013a,15.96,0.01,16.17,0.06,15.91,0.09,,,16.33,0.04,Vpp-V,,15.785,0.024,13.952,0.015,12.418,,9.07,,CCAA,,
2MASSI J2339101+135230,T5,65.0,100.0,13.8,1117,88,23 39 10.67,+13 52 12.9,354.794443,15.3,13.870292,14.9,2016.54,51.2,4.2,371.9,5.6,-958.6,5.4,Kirkpatrick2021a,,1,2MASS J23391025+1352284,WISEA J233910.51+135218.4,,Burgasser2010b,15.82,0.02,16.24,0.11,15.82,0.15,,,16.15,0.31,WKK-2,,15.412,0.023,13.899,0.017,11.945,,8.882,,CCAA,,
2MASS J23185497-1301106,T5,65.0,100.0,13.8,1120,88,23 18 54.02,-13 01 15.1,349.7258108,,-13.020627,,2014.45,66.5,3.2,-796.6,3.4,-248.6,3.4,Best2020,,1,2MASS J23185497-1301106,WISEA J231854.37-130113.4,,Marocco2013,15.31,0.01,15.55,0.06,15.24,0.1,,,15.1,0.01,V22-V,,15.093,0.021,13.809,0.02,12.356,,8.804,,CCAA,,
CWISE J053046.20+440849.2,T5,65.0,100.0,13.8,1125,79,05 30 46.2,44 08 49.2,82.692496,52.8,44.14735,63.1,2015.41,51.5,,115.86,21.6,-1360.0,25.1,CatWISE2020,,1,,,,Kirkpatrick2024,16.07,0.01,,,16.14,0.18,,,,,U-2--,,15.988,0.029,14.25,0.018,,,,,CC--,,Distance estimate is 19.4 pc (Kirkpatrick2024).
CWISE J163041.79-064338.3,T5,65.0,100.0,13.8,1125,79,16 30 41.79,-06 43 38.2,247.674128,58.8,-6.727286,68.5,2015.41,55.3,,222.93,18.3,-535.41,22.0,CatWISE2020,,1,,CWISE J163041.79-064338.3,,Kirkpatrick2021a,16.28,0.01,,,,,,,16.61,0.06,V---V,,16.159,0.037,14.206,0.02,11.88,,,,CCA-,yes,Expected parallax is 55.3 mas (Kirkpatrick2021a).
2MASSI J0755480+221218,T5,65.0,13.8,13.3,1001,88,07 55 47.93,+22 12 12.9,118.949721,3.7,22.203511,3.2,2016.25,67.4,3.2,-20.6,1.1,-256.3,0.8,Kirkpatrick2021a,,1,2MASS J07554795+2212169,WISEA J075547.93+221214.1,,Burgasser2010b,15.48,0.01,15.73,0.06,15.78,0.01,15.93,0.02,15.75,0.21,uKuu2,,15.322,0.021,13.515,0.013,11.761,,8.948,,CCAA,,
WISE J170745.85-174452.5,T5:,65.0,13.8,13.3,780,88,17 07 45.90,-17 44 52.5,256.941368,2.9,-17.747953,2.9,2016.4,86.0,2.8,173.3,0.9,-8.9,0.9,Kirkpatrick2021a,,1,2MASS J17074571-1744523,WISEA J170745.84-174452.4,,Mace2013a,16.25,0.02,16.3,0.12,16.58,0.03,,,16.38,0.05,V2m-V,yes,15.928,0.029,13.601,0.014,12.073,0.406,8.869,,CCAA,yes,
WISEPA J235941.07-733504.8,T5.5,65.5,13.8,13.3,879,88,23 59 41.44,-73 35 04.7,359.9225977,,-73.5846434,,2015.4,86.7,5.7,280.9,5.4,39.2,5.5,Faherty2012,,1,2MASS J23594034-7335055,WISEA J235941.10-733505.0,,Kirkpatrick2011,16.1,0.1,16.16,0.11,15.91,0.19,15.13,0.5,15.16,,fKKf2,,15.226,0.016,13.375,0.01,11.591,0.144,,,CCA-,,
2MASS J17545447+1649196,T5.5,65.5,13.8,13.3,987,88,17 54 54.59,+16 49 17.5,268.727516,8.1,16.821483,8.3,2016.73,74.0,3.1,120.1,3.1,-147.4,3.1,Kirkpatrick2021a,,1,2MASS J17545447+1649196,WISEA J175454.59+164917.5,,Burgasser2010b,15.5,0.01,15.81,0.07,15.65,0.13,15.55,0.16,15.56,0.16,U22f2,,14.895,0.018,13.405,0.011,11.663,0.204,,,CCAA,,
2MASSI J1546291-332511,T5.5,65.5,13.8,13.3,1002,84,15 46 27.35,-33 25 08.1,236.6139729,,-33.4189098,,2015.5,88.9,1.9,121.1,2.3,190.1,2.2,Tinney2003,,1,2MASS J15462718-3325111,WISEA J154627.29-332509.2,,Burgasser2010b,15.34,0.01,15.63,0.05,15.45,0.09,15.48,0.18,15.48,0.02,VKKfV,,15.31,0.02,13.486,0.013,11.917,,8.477,,CCAA,,
CWISE J234426.81-475502.6,T5.5,65.5,13.8,13.3,1044,79,23 44 26.81,-47 55 02.7,356.1117145,39.3,-47.917405,38.4,2015.41,59.8,,-1.8,9.2,119.6,9.2,CatWISE2020,,1,,CWISE J234426.81-475502.6,,Kirkpatrick2021a,,,16.0,0.09,16.07,0.18,,,15.56,0.23,-22-2,,14.872,0.021,13.635,0.017,11.729,0.25,,,CCA-,yes,Expected parallax is 59.8 mas (Kirkpatrick2021a).
2MASS J19010601+4718136,T5,65.0,13.8,13.3,1064,88,19 01 06.23,+47 18 20.5,285.276033,4.2,47.305813,4.1,2016.65,67.3,3.4,122.9,1.4,405.7,1.4,Kirkpatrick2021a,,1,2MASS J19010601+4718136,WISEA J190106.19+471818.4,,Burgasser2010b,15.53,0.01,15.86,0.07,15.47,0.09,,,15.64,0.29,UKK-2,,15.296,0.016,13.666,0.01,12.464,0.33,9.454,,CCAA,,
2MASS J15031961+2525196,T5,65.0,13.3,0.0,1016,85,15 03 19.6109038302,+25 25 19.795681104,225.8321423,0.4379,25.424644,0.5381,2016.0,155.7758,0.7557,87.414,0.613,557.78,0.695,Gaia EDR3,1.274,1,2MASS J15031961+2525196,WISEA J150319.68+252525.7,Gaia EDR3 1267906854386665088,Burgasser2006,13.62,0.01,13.94,0.02,13.86,0.03,13.99,0.03,13.96,0.06,UKKD2,,13.325,0.011,11.714,0.008,10.709,0.071,9.362,,CCAA,,
2MASS J12314753+0847331,T5.5,65.5,13.3,0.0,1047,88,12 31 46.35,+08 47 17.2,187.9434323,,8.788404,,2014.46,70.2,3.6,-1181.7,2.8,-1038.4,3.3,Best2020,,1,2MASS J12314753+0847331,WISEA J123146.70+084722.1,,Burgasser2006,15.15,0.01,15.57,0.07,15.46,0.01,15.55,0.02,15.22,0.2,uKuu2,,15.066,0.017,13.083,0.01,12.227,0.391,9.031,0.538,CCAA,,
2MASS J18283572-4849046,T5.5,65.5,13.3,0.0,1060,103,18 28 35.72,-48 49 04.6,277.139127,,-48.803065,,2013.33,86.91,2.34,230.08,0.72,88.5,0.58,Kirkpatrick2024,,1,2MASS J18283572-4849046,WISEA J182835.96-484903.9,,Burgasser2010b,14.85,0.01,15.18,0.06,14.91,0.07,15.18,0.14,15.07,0.02,VKKfV,,14.49,0.018,12.781,0.011,11.333,0.169,8.695,,CCAA,,
WISE J223617.59+510551.9,T5.5,65.5,13.3,0.0,1077,88,22 36 18.00,+51 05 53.7,339.0747465,,51.098134,,2014.46,102.8,1.9,708.6,2.1,326.7,2.5,Best2020,,1,2MASS J22361685+5105487,WISEA J223617.60+510551.8,,Mace2013a,14.44,0.01,14.58,0.04,14.49,0.05,,,14.45,0.09,U22-2,yes,14.188,0.02,12.643,0.01,11.008,0.1,9.319,,CCAA,,
WISE J230133.32+021635.0,T6.5,66.5,100.0,14.1,919,88,23 01 33.30,+02 16 34.6,345.388753,2.4,2.276313,3.0,2015.99,54.1,2.5,-65.6,1.2,-90.9,1.5,Kirkpatrick2021a,,1,2MASS J23013338+0216359,WISEA J230133.32+021635.0,,Mace2013a,16.36,0.01,16.92,0.06,16.7,0.03,16.87,0.05,,,mSku-,,16.188,0.029,14.393,0.02,12.104,,9.123,,CCAA,,
WISE J152305.10+312537.6,T6.5 pec,66.5,100.0,14.1,612,88,15 23 05.14,+31 25 35.2,230.771434,3.3,31.426212,3.3,2016.52,65.0,3.5,95.1,1.8,-513.8,1.7,Kirkpatrick2021a,,1,,WISEA J152305.09+312537.3,,Mace2013a,18.24,0.07,,,18.69,0.18,,,,,U-k--,,17.29,0.055,14.357,0.015,12.884,,9.411,,CCAA,,
WISEA J064528.39-030247.9,T6,66.0,100.0,14.1,817,88,06 45 28.39,-03 02 49.9,101.368294,2.9,-3.04735,2.8,2017.36,54.1,3.0,-1.4,1.4,-322.2,1.7,Kirkpatrick2021a,,1,,WISEA J064528.39-030247.9,,Tinney2018,,,,,17.33,0.02,,,,,--k--,,16.928,0.057,14.724,0.025,12.408,,8.862,,CCAA,,
WISE J150115.92-400418.4,T6,66.0,100.0,14.1,864,88,15 01 16.13,-40 04 20.0,225.317599,2.1,-40.072524,2.1,2018.14,72.8,2.3,366.7,1.3,-342.7,1.3,Kirkpatrick2021a,,1,,WISEA J150115.92-400418.2,,Tinney2018,16.1,0.01,16.44,0.03,16.38,0.04,,,16.21,0.04,VSk-V,,16.128,0.029,14.232,0.017,12.543,,8.845,,CCAA,,
WISE J125015.56+262846.9,T6.5,66.5,100.0,14.1,889,88,12 50 15.36,+26 28 43.7,192.5643219,,26.479048,,2014.46,57.5,3.7,-484.4,3.4,-557.3,2.5,Best2020,,1,,WISEA J125015.56+262846.8,,Mace2013a,16.4,0.01,,,16.74,0.02,16.79,0.05,,,u-uu-,,16.408,0.03,14.741,0.023,12.627,,8.747,,CCAA,,
WISEPC J132004.16+603426.2,T6.5,66.5,100.0,14.1,901,88,13 20 03.78,+60 34 25.9,200.0162,,60.5738,,2013.96,64.6,2.6,-559.0,1.4,-50.9,0.8,Kirkpatrick2019,,1,,WISEA J132004.16+603426.1,,Kirkpatrick2011,,,16.95,0.08,16.56,0.13,,,16.4,0.21,-KK-p,,16.642,0.03,14.552,0.016,12.302,,9.066,,CCAA,,
2MASS J16150413+1340079,T6,66.0,100.0,14.1,906,87,16 15 04.47,+13 40 02.3,243.768603,2.0,13.667277,2.0,2015.52,55.4,2.1,285.9,0.9,-329.9,1.0,Kirkpatrick2021a,,1,2MASS J16150413+1340079,WISEA J161504.36+134004.0,,Looper2007,16.13,0.01,16.35,0.09,16.49,0.25,15.85,0.5,15.86,,UKKf2,,16.173,0.029,14.176,0.015,12.063,,9.062,,CCAA,,
WISE J172134.46+111739.4,T6,66.0,100.0,14.1,1001,88,17 21 34.43,+11 17 40.1,260.393381,2.8,11.294536,2.8,2017.32,50.4,2.9,-91.1,1.8,132.2,1.8,Kirkpatrick2021a,,1,2MASS J17213449+1117379,WISEA J172134.46+111739.5,,Mace2013a,16.42,0.02,16.66,0.07,16.41,0.1,,,15.95,0.15,Wpp-p,,15.849,0.023,14.376,0.018,12.463,0.498,8.485,,CCAA,,
WISE J235716.49+122741.8,T6,66.0,14.1,13.6,905,88,23 57 16.51,+12 27 38.8,359.318824,2.9,12.460512,2.8,2017.31,61.9,3.0,28.7,2.3,-508.3,2.0,Kirkpatrick2021a,,1,2MASS J23571646+1227475,WISEA J235716.49+122741.5,,Mace2013a,16.1,0.01,16.52,0.14,16.49,0.03,16.52,0.04,16.12,,m2ku2,,15.891,0.026,14.096,0.017,12.101,0.369,8.941,,CCAA,,
WISEPA J161215.94-342027.1,T6.5,66.5,14.1,13.6,718,88,16 12 15.79,-34 20 32.3,243.065771,2.6,-34.342242,2.6,2016.42,90.0,2.7,-292.0,1.0,-587.5,1.0,Kirkpatrick2021a,,1,,WISEA J161215.92-342028.5,,Kirkpatrick2011,16.59,0.01,17.89,,16.96,0.03,,,17.61,0.13,Vpk-V,,16.306,0.044,13.905,0.019,12.123,,8.794,,CCAA,,
WISEA J173551.56-820900.3,T6,66.0,14.1,13.6,804,88,17 35 50.95,-82 09 01.6,263.961506,2.8,-82.150644,3.1,2017.27,76.1,3.2,-253.9,1.6,-266.4,1.6,Kirkpatrick2021a,,1,,WISEA J173551.56-820900.3,,Tinney2018,16.37,0.01,,,16.68,0.03,,,16.98,0.09,V-k-V,,15.661,0.019,13.783,0.012,12.175,,8.943,,CCAA,yes,
WISEPA J054231.26-162829.1,T6.5,66.5,14.1,13.6,895,88,05 42 31.20,-16 28 27.6,85.629759,,-16.473971,,2019.79,63.26,1.65,-216.97,0.29,297.02,0.35,Kirkpatrick2024,,1,2MASS J05423145-1628323,WISEA J054231.27-162829.1,,Kirkpatrick2011,16.27,0.01,16.64,0.08,16.57,0.1,,,16.69,0.06,VKK-V,,16.171,0.03,14.012,0.014,12.121,,8.76,,CCAA,,
WISE J122152.28-313600.8,T6.5,66.5,14.1,13.6,898,88,12 21 52.55,-31 35 58.7,185.468814,2.1,-31.599679,2.1,2015.71,76.8,2.2,590.9,1.1,403.0,1.0,Kirkpatrick2021a,,1,2MASS J12215175-3136054,WISEA J122152.28-313600.7,,Mace2013a,15.81,0.01,16.38,0.13,16.06,0.18,,,15.85,0.04,V22-V,,15.748,0.024,13.91,0.033,12.116,0.327,8.841,,CCAA,,
WISEPA J051317.28+060814.7,T6.5,66.5,14.1,13.6,916,88,05 13 17.27,+06 08 12.3,78.3220,,6.1372,,2011.43,70.8,1.5,-5.2,0.5,-433.0,1.0,Kirkpatrick2019,,1,2MASS J05131727+0608190,WISEA J051317.27+060814.5,,Kirkpatrick2011,,,16.21,0.06,16.13,0.08,,,16.05,0.11,-KK-B,,15.781,0.023,13.941,0.015,12.533,,9.04,,CCAA,,
WISEPA J190624.75+450808.2,T6,66.0,14.1,13.6,921,88,19 06 24.73,+45 08 05.3,286.6030,,45.1351,,2012.68,64.1,1.6,-22.8,0.5,-350.3,0.1,Kirkpatrick2019,,1,2MASS J19062476+4508112,WISEA J190624.73+450807.0,,Kirkpatrick2011,15.95,0.01,16.36,0.09,16.32,0.09,,,16.83,0.19,UKK-B,,15.9,0.02,13.835,0.011,12.876,0.469,9.543,,CCAA,,
VHS J125804.89-441232.4,T6,66.0,14.1,13.6,965,79,12 58 04.96,-44 12 33.1,194.520761,2.8,-44.209315,2.8,2017.19,67.0,2.9,135.8,1.8,-151.7,1.8,Kirkpatrick2021a,,1,,WISEA J125804.91-441232.6,,Lodieu2012,16.0,0.01,16.34,0.14,17.08,,,,16.15,0.04,V22-V,,15.655,0.021,14.027,0.014,12.109,0.272,9.167,,CCAA,,
WISE J223720.39+722833.8,T6,66.0,14.1,13.6,971,88,22 37 20.30,+72 28 33.5,339.334582,2.1,72.47596,2.0,2015.53,67.3,2.2,-83.4,0.9,-100.2,0.9,Kirkpatrick2021a,,1,2MASS J22372056+7228351,WISEA J223720.39+722833.9,,Mace2013a,,,15.76,0.07,15.94,0.21,,,15.99,,-22-2,,15.439,0.018,13.611,0.011,12.333,0.332,9.207,,CCAA,,
WISEPA J234351.20-741847.0,T6,66.0,14.1,13.6,974,88,23 43 51.77,-74 18 46.0,355.9657,2.1,-74.312765,2.1,2015.53,60.9,2.2,394.5,0.9,186.7,0.9,Kirkpatrick2021a,,1,2MASS J23435046-7418485,WISEA J234351.28-741846.9,,Kirkpatrick2011,15.76,0.01,16.09,0.04,16.14,0.04,,,15.96,0.03,VSk-V,,15.604,0.017,13.741,0.011,12.786,0.504,,,CCA-,,
SDSSp J134646.45-003150.4,T6.5,66.5,14.1,13.6,1011,86,13 46 45.90,-00 31 52.2,206.6919,,-0.5310,,2010.78,69.2,2.3,-503.2,3.2,-114.3,1.9,Tinney2003,,1,2MASS J13464634-0031501,WISEA J134646.05-003151.5,,Burgasser2006,15.66,0.01,16.0,0.1,15.97,0.01,15.96,0.02,15.77,0.27,uKuu2,,15.477,0.021,13.687,0.013,11.921,0.239,9.074,,CCAA,,
2MASS J22282889-4310262,T6,66.0,13.6,13.1,891,82,22 28 29.07,-43 10 31.5,337.120937,,-43.175128,,2011.86,95.6,2.23,97.98,0.42,-306.91,0.46,Kirkpatrick2024,,1,2MASS J22282889-4310262,WISEA J222829.01-431029.8,,Burgasser2006,15.29,0.01,15.66,0.07,15.36,0.12,15.28,0.21,15.29,0.01,VKKfV,,15.155,0.018,13.364,0.012,11.748,0.273,8.74,,CCAA,,
SDSSp J162414.37+002915.6,T6,66.0,13.6,13.1,936,78,16 24 13.96,+00 29 15.6,246.0585,,0.4877,,2011.59,91.8,1.2,-372.9,1.6,-9.1,2.0,Tinney2003,,1,2MASS J16241436+0029158,WISEA J162414.07+002915.6,,Burgasser2006,15.19,0.01,15.49,0.05,15.48,0.05,15.61,0.05,15.52,,UKkf2,,15.15,0.018,13.126,0.011,12.163,0.394,8.995,,CCAA,,
WISEA J041743.13+241506.3,T6,66.0,13.6,13.1,965,79,04 17 43.25,+24 15 04.1,64.4301897,49.1,24.251138,63.3,2015.41,84.0,,281.55,10.8,-377.0,11.8,CatWISE2020,,1,2MASS J04174276+2415124,WISEA J041743.13+241506.3,,Greco2019,15.52,0.01,15.77,0.07,15.65,0.14,15.77,0.02,15.45,0.17,U22u-,,14.938,0.037,13.517,0.023,11.161,0.164,8.73,,CCAA,yes,
2MASS J21543318+5942187,T6,66.0,13.6,13.1,981,88,21 54 32.82,+59 42 11.4,328.636752,2.1,59.703156,2.2,2015.97,71.0,2.3,-164.9,0.7,-465.0,0.7,Kirkpatrick2021a,,1,2MASS J21543318+5942187,WISEA J215432.94+594213.6,,Looper2007,,,15.66,0.07,15.77,0.17,,,15.34,,-KK-2,,15.329,0.045,13.574,0.014,12.777,,9.548,,CCAA,,
WISEPA J062720.07-111428.8,T6,66.0,13.6,13.1,1023,88,06 27 20.07,-11 14 29.6,96.840776,,-11.246393,,2015.92,77.02,2.86,-11.68,0.53,-339.32,0.68,Kirkpatrick2024,,1,2MASS J06272007-1114241,WISEA J062720.07-111427.9,,Kirkpatrick2011,15.24,0.01,15.49,0.05,15.44,0.08,,,15.35,0.02,VKK-V,,14.98,0.017,13.305,0.011,11.53,0.211,8.49,,CCAA,,
2MASS J00345157+0523050,T6.5,66.5,13.1,0.0,899,82,00 34 52.34,+05 23 08.2,8.717679,2.6,5.385476,2.9,2015.43,118.8,2.7,673.6,1.3,178.2,1.5,Kirkpatrick2021a,,1,2MASS J00345157+0523050,WISEA J003452.03+052306.9,,Burgasser2006,15.14,0.01,15.54,0.05,15.58,0.01,16.07,0.03,15.84,0.03,u2uuD,,15.174,0.026,12.666,0.015,11.78,0.313,8.867,,CCAA,,
2MASS J12373919+6526148,T6.5,66.5,13.1,0.0,851,74,12 37 36.30,+65 26 04.7,189.4048,,65.4354,,2011.81,96.07,4.78,-1001.7,8.1,-525.9,5.4,Vrba2004,,1,2MASS J12373919+6526148,WISEA J123737.38+652608.4,,Burgasser2006,15.56,0.1,16.05,0.09,15.94,0.1,16.4,0.1,16.06,,fKff2,,15.474,0.019,12.981,0.01,11.939,0.224,8.868,,CCAA,,
2MASSI J1047538+212423,T6.5,66.5,13.1,0.0,880,76,10 47 51.75,+21 24 14.8,161.9679,,21.4047,,2011.13,94.73,3.81,-1662.3,7.5,-473.5,3.6,Vrba2004,,1,2MASS J10475385+2124234,WISEA J104752.35+212417.2,,Burgasser2006,15.46,0.01,15.82,0.06,15.83,0.03,16.2,0.03,16.41,,U2kf2,,15.35,0.017,13.001,0.009,11.864,0.312,9.009,,CCAA,,
2MASSI J0937347+293142,T6 pec,66.0,13.1,0.0,881,74,09 37 35.99,+29 31 20.8,144.3990,,29.5237,,2012.09,162.84,3.88,973.9,4.8,-1297.1,5.9,Vrba2004,,1,2MASS J09373487+2931409,WISEA J093735.63+293127.2,,Burgasser2006,14.3,0.01,14.65,0.04,14.67,0.03,15.39,0.06,15.27,0.13,UKkf2,,14.093,0.012,11.674,0.007,10.696,0.101,8.373,,CCAA,,
WISEPC J150649.97+702736.0,T6,66.0,13.1,0.0,921,88,15 06 52.4405555587,+70 27 25.151283824,226.7026361,0.5717,70.461619,0.5841,2016.0,193.9412,0.6277,-1194.179,0.722,1042.194,0.836,Gaia EDR3,1.311,1,2MASS J15065257+7027247,WISEA J150649.92+702736.1,Gaia EDR3 1695191332232990720,Kirkpatrick2011,13.54,0.01,14.33,0.1,13.92,0.01,,,14.05,0.14,PKk-p,yes,13.443,0.008,11.315,0.006,10.188,0.039,8.859,,CCAA,,
WISE J192841.35+235604.9,T6,66.0,13.1,0.0,941,88,19 28 41.5090335462,+23 56 02.170377365,292.1717533,0.4846,23.935005,0.8164,2016.0,146.4067,1.2001,-246.999,0.621,240.43,1.179,Gaia EDR3,1.242,1,2MASS J19284155+2356016,WISEA J192841.39+235604.5,Gaia EDR3 2019802555283940608,Mace2013a,13.98,0.02,14.34,0.06,14.29,0.01,,,14.09,0.06,Wmk-m,,13.75,0.013,12.064,0.008,10.802,0.094,8.649,,CCAA,,
2MASSI J0243137-245329,T6,66.0,13.1,0.0,972,83,02 43 13.39,-24 53 32.9,40.8061,,-24.8923,,2012.11,93.62,3.63,-287.8,3.5,-207.5,2.8,Vrba2004,,1,2MASS J02431371-2453298,WISEA J024313.47-245332.1,,Burgasser2006,15.13,0.03,15.38,0.05,15.39,0.03,15.34,0.03,15.22,0.17,fKff2,,14.666,0.017,12.968,0.01,11.488,0.142,9.169,,CCAA,,
DENIS J081730.0-615520,T6,66.0,13.1,0.0,1004,91,08 17 29.9988801367,-61 55 15.658629025,124.3735181,0.3779,-61.91613,0.4083,2016.0,191.8362,0.4186,-156.451,0.507,1099.366,0.503,Gaia EDR3,1.243,1,2MASS J08173001-6155158,WISEA J081729.76-615503.8,Gaia EDR3 5278042880077383040,Artigau2010,13.28,0.01,13.61,0.02,13.53,0.03,13.52,0.04,13.39,0.01,VKKfV,,12.972,0.012,11.282,0.009,9.661,0.033,9.273,0.433,CCAA,,
ULAS J131508.42+082627.4,T7.5,67.5,100.0,15.0,590,88,13 15 08.38,+08 26 26.1,198.78501,,8.440757,,2011.01,50.5,5.7,-61.4,2.1,-101.8,2.5,Kirkpatrick2019,,1,,WISEA J131508.40+082627.0,,Pinfield2008,18.86,0.07,,,19.5,0.07,19.6,0.12,,,f-ff-,,18.813,0.253,15.532,0.048,12.571,,9.037,,CCAA,,
ULAS J085910.69+101017.1,T7,67.0,100.0,15.0,709,88,08 59 10.51,+10 10 12.2,134.79402,,10.170582,,2012.27,50.3,1.7,-359.6,1.1,-615.3,1.1,Kirkpatrick2019,,1,,WISEA J085910.62+101014.8,,Pinfield2008,17.88,0.02,,,18.3,0.09,18.29,0.15,,,W-uu-,,17.589,0.082,15.343,0.041,12.035,,8.682,,CCAA,,
WISE J214706.78-102924.0,T7.5,67.5,15.0,14.5,774,88,21 47 06.81,-10 29 24.7,326.778468,2.3,-10.490353,2.5,2017.93,51.8,2.4,96.5,1.3,-143.2,1.6,Kirkpatrick2021a,,1,,WISEA J214706.79-102923.7,,Mace2013a,17.4,0.02,17.73,0.06,17.73,0.09,,,17.73,0.22,VSk-V,,17.688,0.104,14.984,0.033,12.143,,8.421,,CCAA,,
ULAS J090116.23-030635.0,T7.5,67.5,15.0,14.5,638,88,09 01 16.20,-03 06 37.4,135.3175,,-3.1102,,2012.78,62.6,2.6,-38.6,2.3,-261.2,2.8,Marocco2010,,1,,WISEA J090116.20-030636.0,,Lodieu2007,17.89,0.04,,,18.49,0.13,18.21,0.5,,,u-uf-,,17.406,0.071,14.608,0.021,11.993,,8.393,,CCAA,,
WISE J180901.07+383805.4,T7.5,67.5,15.0,14.5,780,88,18 09 00.81,+38 38 02.7,272.2536901,,38.63426,,2014.46,52.4,2.3,-590.5,2.5,-506.6,2.3,Best2020,,1,,WISEA J180901.06+383805.1,,Mace2013a,17.34,0.01,,,17.66,0.02,,,,,P-P--,,17.555,0.06,14.972,0.019,12.543,,9.199,,CCAA,,"This is LUH 13B, but parallax measurements show that it is not associated with HD 166620 = LUH 13A."
WISEA J032309.12-590751.0,T7,67.0,15.0,14.5,819,79,03 23 09.49,-59 07 47.9,50.789692,2.8,-59.129991,3.0,2016.7,72.1,2.9,532.5,1.3,507.5,1.7,Kirkpatrick2021a,,1,,WISEA J032309.12-590751.0,,Greco2019,16.67,0.01,,,,,,,16.79,0.06,V---V,,16.671,0.032,14.542,0.016,12.891,0.429,9.193,,CCAA,,
WISEPC J221354.69+091139.4,T7,67.0,15.0,14.5,867,88,22 13 54.65,+09 11 39.1,333.4778,,9.1942,,2012.59,54.5,2.5,-124.4,1.2,-30.0,0.7,Kirkpatrick2019,,1,,WISEA J221354.69+091139.3,,Kirkpatrick2011,16.78,0.02,16.98,0.05,16.99,0.11,,,16.99,0.2,UKk-B,,16.688,0.04,14.635,0.022,12.261,,,,CCA-,,
WISE J105257.95-194250.2,T7.5,67.5,14.5,14.0,785,88,10 52 58.05,-19 42 51.8,163.2418669,,-19.714291,,2014.36,67.8,2.2,318.0,2.2,-314.9,2.0,Best2020,,1,,WISEA J105257.95-194250.1,,Thompson2013,16.88,0.01,17.15,0.06,17.06,0.12,,,17.15,0.08,VTT-V,,16.53,0.037,14.238,0.018,11.687,,8.955,,CCAA,,
WISEPC J022322.39-293258.1,T7.5,67.5,14.5,14.0,706,88,02 23 22.75,-29 33 00.5,35.844782,,-29.550163,,2016.79,80.7,2.6,780.2,1.1,-535.1,1.5,Kirkpatrick2019,,1,,WISE J022322.36-293257.2,,Kirkpatrick2011,17.1,0.05,17.34,0.15,17.3,0.11,,,16.94,,KKK-p,,17.021,0.058,14.056,0.017,12.639,0.318,9.641,,CCWW,,
ULAS J232123.79+135454.9,T7.5,67.5,14.5,14.0,725,88,23 21 23.85,+13 54 50.3,350.34936,2.0,13.91405,2.1,2015.2,82.8,2.1,77.5,0.9,-570.0,1.0,Kirkpatrick2021a,,1,,WISEA J232123.82+135453.3,,Burningham2010,16.69,0.02,,,17.09,0.06,17.36,0.1,,,u-uu-,,16.866,0.042,14.218,0.017,12.337,,9.01,,CCAA,,
WISEPC J215751.38+265931.4,T7,67.0,14.5,14.0,762,88,21 57 51.37,+26 59 30.8,329.464069,1.9,26.991887,1.9,2015.3,61.2,2.0,67.9,0.8,-98.3,0.8,Kirkpatrick2021a,,1,,WISEA J215751.35+265931.2,,Kirkpatrick2011,17.07,0.02,17.31,0.03,17.45,0.04,,,,,UKK--,,16.79,0.042,14.449,0.019,11.968,,,,CCA-,,
WISEPA J185215.78+353716.3,T7,67.0,14.5,14.0,810,88,18 52 15.87,+35 37 14.9,283.0659,,35.6210,,2012.60,72.0,1.9,251.2,0.9,-287.1,0.9,Kirkpatrick2019,,1,2MASS J18521552+3537196,WISEA J185215.82+353716.2,,Kirkpatrick2011,16.33,0.01,16.5,0.12,16.76,0.01,,,17.08,,UKk-2,,16.186,0.03,14.202,0.016,12.229,0.323,8.806,,CCAA,,
CWISE J084506.51-330532.7,T7,67.0,14.5,14.0,819,79,08 45 06.49,-33 05 32.1,131.2770316,64.6,-33.092242,72.1,2015.41,57.3,,506.96,23.1,-933.0,26.4,CatWISE2020,,1,,CWISE J084506.51-330532.7,,Kirkpatrick2021a,16.85,0.01,,,,,,,17.62,0.15,V---V,,17.433,0.099,14.447,0.019,,,,,CC--,,Expected parallax is 57.3 mas (Kirkpatrick2021a).
WISE J112438.12-042149.7,T7,67.0,14.5,14.0,819,79,11 24 37.89,-04 21 49.6,171.157926,2.9,-4.363702,2.5,2015.87,59.4,2.9,-569.3,1.4,64.1,1.2,Kirkpatrick2021a,,1,2MASS J11243854-0421504,WISEA J112438.10-042149.6,,Mace2013a,16.37,0.02,16.73,0.13,16.96,,,,16.37,,-2p-2,,16.367,0.034,14.101,0.016,11.947,,8.363,,CCAA,,
WISE J061437.73+095135.0,T7,67.0,14.5,14.0,833,88,06 14 37.90,+09 51 34.5,93.657827,1.9,9.859562,1.9,2015.15,64.9,2.0,387.2,0.8,-153.2,0.8,Kirkpatrick2021a,,1,,WISEA J061437.75+095135.2,,Mace2013a,16.44,0.02,16.9,0.08,16.83,0.03,,,16.81,0.14,WBk-B,,16.55,0.042,14.173,0.018,11.984,,8.3,,CCAA,,Note that SIMBAD's 2MASS association is incorrect.
WISEPC J234841.10-102844.4,T7,67.0,14.5,14.0,853,88,23 48 41.34,-10 28 43.2,357.1716,,-10.4788,,2012.40,58.4,3.5,623.3,1.5,155.9,0.9,Kirkpatrick2019,,1,,WISEA J234841.11-102844.1,,Kirkpatrick2011,16.63,0.01,16.91,0.05,16.93,0.12,,,16.78,0.07,VKK-V,,16.7,0.043,14.387,0.02,12.355,,,,CCA-,,
WISE J125715.90+400854.2,T7,67.0,14.5,14.0,857,88,12 57 16.04,+40 08 54.9,194.316705,,40.148504,,2014.46,57.0,1.8,294.9,1.7,168.0,1.4,Best2020,,1,,WISEA J125715.91+400854.2,,Mace2013a,16.93,0.02,17.23,0.09,16.96,0.13,,,17.0,0.19,UBk-B,,16.495,0.032,14.411,0.018,12.201,,8.478,,CCAA,,
WISE J024124.73-365328.0,T7,67.0,14.5,14.0,868,88,02 41 24.84,-36 53 27.5,40.353521,2.3,-36.890949,2.5,2015.27,53.1,2.5,242.9,1.1,141.8,1.0,Kirkpatrick2021a,,1,,WISE J024124.73-365328.0,,Kirkpatrick2012,16.72,0.01,,,17.04,0.07,,,17.08,0.07,V-k-V,,16.69,0.036,14.392,0.018,12.766,0.354,9.539,,CCWW,,
WISEPC J145715.03+581510.2,T7,67.0,14.5,14.0,923,88,14 57 14.66,+58 15 09.8,224.3119,,58.2527,,2012.68,55.0,2.3,-498.0,1.1,-63.4,0.6,Kirkpatrick2019,,1,,WISEA J145715.01+581510.1,,Kirkpatrick2011,16.78,0.02,16.83,0.17,16.64,0.29,,,,,UKK-2,,16.781,0.03,14.441,0.014,13.068,0.505,9.523,,CCAA,,
WISE J004024.88+090054.8,T7,67.0,14.0,13.5,850,88,00 40 24.88,+09 00 54.3,10.103778,,9.015182,,2010.5,69.8,1.5,-52.3,0.9,-53.0,2.0,Kirkpatrick2019,,1,2MASS J00402492+0900547,WISEA J004024.88+090054.4,,Mace2013a,16.15,0.02,16.5,0.12,16.56,0.02,,,15.74,,W2k-2,,15.946,0.025,13.838,0.014,11.819,,8.557,,CCAA,,
WISEPC J231939.13-184404.3,T7.5,67.5,14.0,13.5,632,88,23 19 39.17,-18 44 03.9,349.913218,2.6,-18.734416,2.7,2015.44,80.9,2.7,76.7,1.1,134.4,1.1,Kirkpatrick2021a,,1,,WISEA J231939.14-184404.4,,Kirkpatrick2011,17.56,0.02,17.43,0.23,18.0,0.05,,,18.4,0.26,KKk-V,,16.838,0.053,13.932,0.016,11.779,,,,CCA-,,
WISEPA J201824.96-742325.9,T7,67.0,14.0,13.5,714,88,20 18 25.52,-74 23 34.4,304.60471,,-74.391622,,2012.64,83.2,1.9,307.7,1.0,-1008.4,1.6,Kirkpatrick2019,,1,,WISEA J201824.99-742327.9,,Kirkpatrick2011,16.78,0.02,,,17.17,0.04,,,17.67,0.14,V-k-V,,16.465,0.036,13.598,0.011,12.046,,,,CCA-,,
WISEPC J220922.10-273439.5,T7,67.0,14.0,13.5,751,88,22 09 21.69,-27 34 42.7,332.340951,3.6,-27.5783,3.3,2015.31,75.5,3.6,-762.5,1.7,-435.7,1.5,Kirkpatrick2021a,,1,2MASS J22092276-2734345,WISEA J220922.09-273439.9,,Kirkpatrick2011,16.57,0.01,16.98,0.04,17.08,0.05,,,17.13,0.08,VSk-V,,16.26,0.037,13.953,0.023,11.945,,,,CCA-,,
SDSS J162838.77+230821.1,T7,67.0,14.0,13.5,815,88,16 28 39.17,+23 08 15.3,247.16236,,23.13878,,2008.3,75.1,0.9,412.3,0.8,-443.0,0.8,Dupuy2012,,1,2MASS J16283855+2308241,WISEA J162838.99+230817.9,,Chiu2006,16.28,0.01,16.46,0.1,16.63,0.03,16.72,0.03,15.87,0.24,UKkD2,,16.161,0.041,13.859,0.026,11.802,0.25,9.122,,CCAA,,
2MASS J00501994-3322402,T7,67.0,14.0,13.5,836,71,00 50 21.62,-33 22 23.1,12.58726,,-33.37493,,2009.6,94.6,2.4,1150.5,2.1,939.0,2.1,Dupuy2012,,1,2MASS J00501994-3322402,WISEA J005021.05-332228.8,,Burgasser2006,15.65,0.1,15.93,0.07,16.04,0.1,15.91,0.1,15.24,0.19,DKkD2,,15.573,0.018,13.608,0.011,11.835,0.243,8.793,,CCAA,,
WISE J032547.72+083118.2,T7,67.0,14.0,13.5,885,88,03 25 47.77,+08 31 17.9,51.449089,2.7,8.521631,2.9,2015.52,76.3,2.8,125.7,1.3,-49.3,1.5,Kirkpatrick2021a,,1,,WISE J032547.72+083118.2,,Mace2013a,16.09,0.01,,,16.15,0.08,,,,,U----,,15.425,0.022,13.592,0.014,11.662,,8.799,,CCWW,,
WISE J052126.29+102528.4,T7.5,67.5,13.5,0.0,727,88,05 21 26.40,+10 25 25.8,80.359997,6.7,10.423818,6.9,2016.77,150.2,3.0,223.7,2.5,-438.3,2.5,Kirkpatrick2021a,,1,2MASS J05212615+1025328,WISEA J052126.30+102528.3,,Bihain2013,14.83,0.01,15.47,,15.78,0.15,,,14.8,,U22-2,,14.398,0.038,12.383,0.023,10.296,0.084,8.956,0.533,CCAA,yes,
2MASS J11145133-2618235,T7.5,67.5,13.5,0.0,669,55,11 14 47.52,-26 18 30.0,168.7033,,-26.3075,,2010.23,179.2,1.4,-3018.9,1.1,-384.1,1.6,Dupuy2012,,1,2MASS J11145133-2618235,WISEA J111448.74-261827.9,,Burgasser2006,15.65,0.01,15.86,0.08,16.04,0.02,16.54,0.05,16.47,0.08,VKVfV,,15.256,0.019,12.304,0.007,11.346,0.179,9.031,,CCAA,,
2MASS J03480772-6022270,T7,67.0,13.5,0.0,823,88,03 48 07.09,-60 22 40.1,57.030457,,-60.376464,,2010.75,120.1,1.8,-279.7,0.6,-768.5,0.7,Kirkpatrick2019,,1,2MASS J03480772-6022270,WISEA J034807.33-602235.2,,Burgasser2006,15.02,0.01,15.32,0.05,15.56,0.14,,,15.33,0.01,VKK-V,,14.998,0.014,12.574,0.009,11.22,0.082,9.53,,CCAA,,
2MASSI J0727182+171001,T7,67.0,13.5,0.0,845,71,07 27 19.63,+17 09 46.6,111.82967,,17.16461,,2009.81,112.5,0.9,1047.1,0.9,-764.1,0.9,Dupuy2012,,1,2MASS J07271824+1710012,WISEA J072719.15+170951.3,,Burgasser2006,15.21,0.01,15.6,0.06,15.67,0.03,15.69,0.03,15.56,0.19,UKkf2,,15.179,0.019,12.988,0.01,11.924,0.309,8.237,,CCAA,,
2MASSI J1217110-031113,T7.5,67.5,13.5,0.0,885,75,12 17 09.86,-03 11 11.9,184.2921,,-3.1867,,2013.01,91.7,2.2,-1054.4,1.7,75.6,1.8,Tinney2003,,1,2MASS J12171110-0311131,WISEA J121710.27-031112.1,,Burgasser2006,15.54,0.01,15.86,0.06,15.97,0.01,15.92,0.03,15.89,,uKuf2,,15.425,0.022,13.267,0.012,11.704,0.264,8.964,,CCAA,,
WISE J144806.48-253420.3,T8,68.0,100.0,15.0,626,88,14 48 06.52,-25 34 24.3,222.027156,2.0,-25.573457,2.0,2015.6,54.8,2.1,132.2,1.0,-745.5,1.0,Kirkpatrick2021a,,1,,WISEA J144806.48-253420.5,,Thompson2013,18.92,0.07,19.21,0.12,18.91,0.12,,,,,VTT--,,18.998,0.329,15.177,0.036,12.535,,8.447,,CCAA,,
VHS J143311.46-083736.3,T8,68.0,100.0,15.0,578,88,14 33 11.34,-08 37 37.3,218.297149,2.7,-8.627103,2.9,2016.51,56.5,2.8,-300.0,1.2,-210.4,1.5,Kirkpatrick2021a,,1,,WISEA J143311.41-083736.6,,Lodieu2012,19.01,0.02,,,19.42,0.21,,,,,W-k--,,18.263,0.163,15.215,0.035,12.784,,9.118,,CCAA,,
WISE J003231.09-494651.4,T8.5,68.5,100.0,15.0,609,88,00 32 30.83,-49 46 57.3,8.128639,2.4,-49.782345,2.3,2015.66,60.8,2.5,-368.6,1.2,-861.7,1.1,Kirkpatrick2021a,,1,,WISEA J003231.06-494651.9,,Kirkpatrick2012,18.56,0.06,,,18.87,0.14,,,18.59,0.24,V-V-V,,18.07,0.109,15.049,0.025,12.206,0.349,9.225,,CCAA,,
WISEA J061557.21+152626.1,T8.5,68.5,100.0,15.0,624,88,06 15 57.23,+15 26 23.6,93.988341,5.4,15.439648,5.3,2017.28,52.8,3.1,-29.1,2.6,-532.1,2.5,Kirkpatrick2021a,,1,,WISEA J061557.21+152626.1,,Martin2018,18.95,0.05,,,,,,,,,P----,,17.452,0.083,15.193,0.034,12.22,,8.763,,ccAA,,
CFBDS J013302.27+023128.4,T8.5,68.5,100.0,15.0,661,88,01 33 02.64,+02 31 28.4,23.261157,2.6,2.524501,2.2,2015.57,53.1,2.6,606.1,1.4,-115.7,1.1,Kirkpatrick2021a,,1,,WISEA J013302.45+023128.8,,Albert2011,18.34,0.08,,,18.62,0.1,,,,,u-k--,,17.52,0.085,15.037,0.033,12.662,,9.238,,CCAA,,
CWISEP J213838.74-313808.5,T8,68.0,100.0,15.0,686,79,21 38 38.77,-31 38 08.7,324.6614995,120.3,-31.635725,124.8,2015.41,50.2,,565.9,43.4,-349.63,45.2,CatWISE2020,,1,,CWISEP J213838.74-313808.5,,Kirkpatrick2021a,18.49,0.02,,,,,,,17.43,,G---a,,17.76,0.095,15.139,0.035,,,,,CC--,,Expected parallax is 50.2 mas (Kirkpatrick2021a).
CWISE J120502.74-180215.5,T8,68.0,100.0,15.0,686,79,12 05 02.75,-18 02 15.5,181.261441,11.8,-18.037635,7.0,2015.73,52.3,,-154.2,3.0,56.8,1.9,Kirkpatrick2021a,,1,,CWISE J120502.74-180215.5,,Kirkpatrick2021a,17.92,0.03,,,,,,,18.57,0.3,V---V,,17.795,0.106,15.016,0.032,11.856,,,,CCA-,,Expected parallax is 52.3 mas (Kirkpatrick2021a).
CWISE J230930.81+145630.6,T8,68.0,100.0,15.0,686,79,23 09 30.81,14 56 30.6,347.3782764,164.0,14.941943,177.3,2015.41,61.7,,682.6,64.6,-558.61,64.9,CatWISE2020,,1,,,,Meisner2020b,17.75,0.04,,,,,,,,,U----,,18.209,0.143,15.597,0.046,,,,,CC--,,Distance estimate is 16.2 pc (Kirkpatrick2024).
CWISE J004143.77-401929.9,T8 pec,68.0,100.0,15.0,686,79,00 41 43.78,-40 19 29.9,10.432378,7.5,-40.324986,5.0,2016.64,76.7,9.6,1196.6,1.7,-958.1,1.3,Kirkpatrick2021a,,1,,CWISE J004143.77-401929.9,,Kirkpatrick2021a,17.39,0.01,,,,,,,17.16,0.05,V---V,,17.037,0.048,15.016,0.025,12.356,0.385,,,CCA-,,
WISE J031624.35+430709.1,T8,68.0,15.0,14.5,520,88,03 16 24.58,+43 07 07.4,49.102455,2.0,43.118689,2.0,2015.56,74.7,2.1,375.5,0.9,-227.4,0.9,Kirkpatrick2021a,,1,,WISEA J031624.40+430708.7,,Mace2013a,19.47,0.04,,,19.7,0.09,,,,,m-k--,,17.354,0.078,14.647,0.022,12.411,,8.993,,CCAA,,
WISEPC J104245.23-384238.3,T8.5,68.5,15.0,14.5,570,88,10 42 45.27,-38 42 38.7,160.6886365,,-38.7107696,,2015.4,65.4,3.4,56.0,4.1,-75.1,5.2,Tinney2014,,1,,WISEA J104245.24-384238.1,,Kirkpatrick2011,18.81,0.08,,,19.21,0.02,,,,,V-k--,,17.863,0.088,14.649,0.02,12.558,,9.096,,CCAA,,
WISE J105130.01-213859.7,T8.5,68.5,15.0,14.5,575,88,10 51 30.07,-21 39 00.4,162.875304,2.1,-21.650122,2.1,2015.82,64.0,2.3,130.0,1.0,-154.9,0.9,Kirkpatrick2021a,,1,,WISEA J105130.02-213859.9,,Martin2018,18.61,0.08,18.94,0.1,19.19,0.39,,,,,VSk--,,17.112,0.062,14.596,0.023,12.132,,8.899,,CCAA,,
WISEPA J075003.84+272544.8,T8.5,68.5,15.0,14.5,583,88,07 50 03.35,+27 25 43.5,117.51434,,27.42869,,2014.88,68.4,3.4,-755.7,2.0,-205.6,1.8,Kirkpatrick2019,,1,,WISEA J075003.75+272545.0,,Kirkpatrick2011,18.7,0.03,19.03,0.21,18.93,0.06,,,18.63,,PBP-B,,17.892,0.135,14.575,0.025,12.417,,8.502,,CCAA,,
WISE J054047.00+483232.4,T8.5,68.5,15.0,14.5,606,88,05 40 47.14,+48 32 28.9,85.196431,2.0,48.541309,2.0,2015.57,69.4,2.1,249.0,0.9,-631.5,0.9,Kirkpatrick2021a,,1,,WISEA J054047.01+483232.2,,Mace2013a,18.49,0.02,,,18.62,0.05,,,,,m-k--,,18.1,0.144,14.922,0.026,11.878,,9.115,,CCAA,,
WISEPC J032337.53-602554.9,T8.5,68.5,15.0,14.5,617,88,03 23 37.92,-60 25 55.5,50.907945,2.2,-60.432034,2.3,2015.4,71.7,2.3,517.2,1.0,-165.3,1.0,Kirkpatrick2021a,,1,,WISEA J032337.53-602554.5,,Kirkpatrick2011,18.38,0.02,,,18.42,0.01,,,,,M-M--,,17.552,0.052,14.502,0.014,12.146,,9.07,,CCAA,,
ULAS J003402.77-005206.7,T8.5,68.5,15.0,14.5,619,88,00 34 02.77,-00 52 10.2,8.51161,,-0.86872,,2009.6,68.7,1.4,-16.7,1.0,-358.8,0.8,Dupuy2012,,1,,WISEA J003402.79-005208.2,,Cushing2011,18.18,0.04,,,18.49,0.04,18.48,0.04,,,V-ff-,,17.235,0.063,14.579,0.022,11.955,,8.54,,CCAA,,
ULAS J130217.21+130851.2,T8,68.0,15.0,14.5,640,88,13 02 16.93,+13 08 50.8,195.5705477,,13.1474444,,2015.4,65.0,5.0,-445.0,6.0,5.0,7.0,Manjavacas2013,,1,,WISEA J130217.07+130851.1,,Cushing2011,18.0,0.03,,,18.39,0.12,18.16,0.16,,,u-uu-,,17.538,0.084,14.921,0.029,12.158,0.416,8.566,,CCAA,,
ULAS J115239.94+113407.6,T8.5,68.5,15.0,14.5,643,88,11 52 39.77,+11 34 07.2,178.165234,2.5,11.568659,2.3,2018.37,56.7,2.7,-488.2,1.7,-35.6,1.5,Kirkpatrick2021a,,1,,WISEA J115239.94+113406.9,,Burningham2013,18.26,0.04,,,18.66,0.1,18.32,0.17,,,u-uu-,,17.11,0.056,14.773,0.026,11.681,,8.439,,CCAA,,
WISE J024714.52+372523.5,T8,68.0,15.0,14.5,656,88,02 47 14.56,+37 25 22.9,41.8107256,,37.422973,,2014.78,64.8,2.0,28.9,1.4,-88.0,1.2,Best2020,,1,,WISE J024714.52+372523.5,,Mace2013a,18.02,0.02,18.44,0.17,18.24,0.19,,,18.37,0.3,WBB-B,,17.737,0.089,14.578,0.022,12.583,,9.112,,CCWW,,
WISE J130141.62-030212.9,T8.5,68.5,15.0,14.5,679,88,13 01 41.67,-03 02 14.1,195.423723,4.5,-3.037427,2.8,2017.35,54.5,4.5,229.2,3.2,-299.3,2.0,Kirkpatrick2021a,,1,,WISEA J130141.63-030212.9,,Mace2013a,18.0,0.02,,,18.39,0.06,,,,,m-k--,,17.675,0.14,14.951,0.041,11.995,,9.096,,CCAA,,
WISEPA J143602.19-181421.8,T8 pec,68.0,15.0,14.5,686,79,14 36 02.18,-18 14 22.3,219.009052,2.0,-18.239562,1.9,2015.35,50.9,2.0,-71.4,0.9,-92.1,0.9,Kirkpatrick2021a,,1,,WISEA J143602.19-181422.0,,Kirkpatrick2011,17.45,0.02,17.52,0.13,17.62,,,,17.45,0.1,V22-V,,16.72,0.047,14.74,0.027,12.596,0.436,8.955,,CCAA,,
CWISE J011952.82-450231.2,T8,68.0,15.0,14.5,686,79,01 19 52.82,-45 02 31.3,19.9700869,65.8,-45.042024,62.9,2015.41,59.1,,158.3,22.5,-24.4,21.7,CatWISE2020,,1,,CWISE J011952.82-450231.2,,Kirkpatrick2021a,17.12,0.01,,,17.51,0.05,,,17.36,0.08,V-V-V,,17.126,0.048,14.77,0.02,12.307,,,,CCA-,,
WISEA J220304.18+461923.4,T8,68.0,15.0,14.5,686,79,22 03 04.91,+46 19 21.8,330.770876,2.8,46.322691,3.0,2017.3,75.1,3.4,1289.1,3.3,-271.1,3.2,Kirkpatrick2021a,,1,,WISEA J220304.18+461923.4,,Martin2018,18.57,0.02,,,,,,,,,e----,,17.67,0.084,14.678,0.019,12.267,,9.164,,CCAA,,
WISE J131833.98-175826.5,T8,68.0,15.0,14.5,719,88,13 18 33.80,-17 58 26.2,199.640853,2.2,-17.973998,2.0,2015.44,63.5,2.2,-526.2,1.0,0.9,1.0,Kirkpatrick2021a,,1,,WISEA J131833.96-175826.3,,Martin2018,18.28,0.04,18.43,0.19,17.71,0.23,,,17.62,,VBk-B,,17.41,0.082,14.741,0.025,12.281,,9.312,,CCAA,,
WISEPA J074457.15+562821.8,T8,68.0,15.0,14.5,726,88,07 44 57.35,+56 28 17.1,116.238936,1.9,56.471453,2.0,2015.34,65.3,2.0,149.3,0.8,-767.3,0.8,Kirkpatrick2021a,,1,,WISEA J074457.24+562820.9,,Kirkpatrick2011,17.27,0.02,17.68,0.11,17.59,0.12,,,17.57,0.2,WKK-B,,16.811,0.045,14.505,0.019,12.646,0.498,8.935,,CCAA,,
WISEPC J222623.05+044003.9,T8,68.0,15.0,14.5,817,88,22 26 22.96,+04 40 01.1,336.5960,,4.6675,,2011.68,54.4,5.9,-283.2,3.8,-463.6,5.1,Kirkpatrick2019,,1,,WISEA J222623.06+044003.2,,Kirkpatrick2011,16.92,0.01,17.02,0.08,17.32,0.02,,,17.24,0.09,PKk-u,,17.387,0.079,14.608,0.022,12.356,,,,CCA-,,
WISE J201920.76-114807.5,T8:,68.0,14.5,14.0,613,88,20 19 20.88,-11 48 07.8,304.837075,2.6,-11.802171,2.6,2016.68,79.9,2.7,354.0,1.1,-55.7,1.1,Kirkpatrick2021a,,1,,WISEA J201920.75-114807.5,,Mace2013a,18.09,0.06,18.55,0.08,18.23,0.07,,,,,mSk--,,16.907,0.05,14.329,0.021,11.959,,8.837,,CCAA,,
WISE J043052.92+463331.6,T8,68.0,14.5,14.0,516,88,04 30 53.42,+46 33 33.6,67.723058,2.8,46.559463,2.8,2017.3,96.1,2.9,882.5,1.8,381.5,1.8,Kirkpatrick2021a,,1,,WISE J043052.92+463331.6,,Mace2013a,19.06,0.02,,,19.24,0.12,,,,,W-k--,,18.161,0.171,14.31,0.018,11.514,0.177,8.689,,CCWW,,
WISEPA J181210.85+272144.3,T8.5:,68.5,14.5,14.0,536,88,18 12 10.89,+27 21 42.9,273.0451,,27.362316,,2012.66,98.5,4.4,140.3,4.1,-322.2,7.8,Kirkpatrick2019,,1,,WISEA J181210.83+272144.2,,Cushing2011,18.19,0.06,18.58,,18.83,0.16,,,17.03,,KKK-p,,17.168,0.052,14.221,0.015,12.095,,9.161,,CCAA,,
WISE J102557.72+030755.7,T8.5,68.5,14.5,14.0,594,88,10 25 57.22,+03 07 54.9,156.488602,2.2,3.131989,2.1,2015.82,83.6,2.3,-1203.0,1.0,-143.6,1.0,Kirkpatrick2021a,,1,,WISEA J102557.67+030755.8,,Mace2013a,17.93,0.03,18.34,0.15,18.36,0.05,,,18.19,,mBk-B,,17.69,0.095,14.217,0.015,12.344,,8.711,,CCAA,,
WISEPC J151906.64+700931.5,T8,68.0,14.5,14.0,612,88,15 19 07.01,+70 09 28.1,229.778957,3.1,70.157986,2.2,2015.52,78.5,2.6,318.3,1.3,-501.5,0.9,Kirkpatrick2021a,,1,,WISEA J151906.63+700931.3,,Kirkpatrick2011,17.88,0.03,17.58,,18.28,0.07,,,,,KKK--,,17.08,0.038,14.128,0.015,13.264,0.495,9.659,,CCAA,,
WISEPA J050003.05-122343.2,T8,68.0,14.5,14.0,614,88,05 00 02.77,-12 23 39.8,75.0120852,,-12.394672,,2014.78,84.6,2.2,-533.6,1.6,490.5,1.9,Best2020,,1,,WISEA J050003.03-122343.1,,Kirkpatrick2011,17.88,0.02,18.32,0.12,18.1,0.08,,,,,WSS--,,16.974,0.067,14.1,0.024,12.514,,8.832,,CCAA,,
WISEPA J161705.75+180714.3,T8,68.0,14.5,14.0,618,88,16 17 05.77,+18 07 13.9,244.2740597,,18.120579,,2014.54,78.0,3.1,94.2,4.5,-38.9,3.1,Best2020,,1,,WISEA J161705.73+180714.1,,Kirkpatrick2011,17.54,0.03,,,18.23,0.08,,,,,U-K--,,17.192,0.058,14.148,0.015,12.378,0.388,9.218,,CCAA,,
WISEPC J101808.05-244557.7,T8,68.0,14.5,14.0,627,88,10 18 08.06,-24 46 03.3,154.53361,2.6,-24.767531,2.6,2016.77,83.0,2.8,49.6,1.1,-821.0,1.0,Kirkpatrick2021a,,1,,WISEA J101808.03-244558.1,,Kirkpatrick2011,17.4,0.03,17.82,0.12,18.0,0.23,,,18.01,0.25,V2k-V,,17.326,0.078,14.107,0.02,12.259,,8.741,,CCAA,,
WISE J001505.87-461517.6,T8,68.0,14.5,14.0,656,88,00 15 06.14,-46 15 21.2,3.775538,2.4,-46.255813,2.2,2015.52,75.2,2.4,413.4,1.1,-687.8,1.0,Kirkpatrick2021a,,1,,WISEA J001505.88-461517.8,,Kirkpatrick2012,17.67,0.02,,,17.91,0.07,,,,,V-V--,,17.402,0.071,14.262,0.016,12.281,,8.325,,CCAA,yes,
WISEPA J085716.25+560407.6,T8,68.0,14.5,14.0,671,88,08 57 15.69,+56 04 05.8,134.31581,2.1,56.068427,2.0,2015.32,85.3,2.1,-714.7,0.9,-243.1,0.9,Kirkpatrick2021a,,1,,WISEA J085716.24+560407.6,,Kirkpatrick2011,17.35,0.02,17.65,0.12,17.49,0.14,,,17.69,0.22,WKK-B,,17.142,0.067,14.185,0.019,12.176,,9.035,,CCAA,,
WISEPC J225540.74-311841.8,T8,68.0,14.5,14.0,686,88,22 55 40.86,-31 18 43.1,343.920315,3.4,-31.312002,4.7,2016.4,72.8,3.5,301.9,1.5,-173.0,2.2,Kirkpatrick2021a,,1,,WISEA J225540.75-311842.0,,Kirkpatrick2011,17.34,0.03,17.29,0.07,17.7,0.11,,,16.4,,KKK-p,,16.614,0.042,14.177,0.018,11.932,,,,CCA-,,"As the discovery paper suggests, HUE 2B is probably a background galaxy."
ULAS J102940.52+093514.6,T8,68.0,14.5,14.0,709,88,10 29 40.36,+09 35 13.7,157.4182502,,9.587234,,2014.86,68.6,1.7,-419.3,2.0,-142.5,1.8,Best2020,,1,,WISEA J102940.51+093514.1,,Thompson2013,17.32,0.01,17.32,0.01,17.63,0.02,17.69,0.08,,,PTTu-,,16.757,0.045,14.434,0.02,11.754,,8.627,,CCAA,,
WISE J181329.40+283533.3,T8,68.0,14.5,14.0,734,88,18 13 29.27,+28 35 29.7,273.3720975,,28.591747,,2014.35,73.6,2.0,-208.9,2.0,-468.0,2.9,Best2020,,1,,WISEA J181329.40+283533.3,,Mace2013a,16.93,0.01,,,17.27,0.02,,,,,P-k--,,16.832,0.041,14.258,0.015,12.384,0.366,9.163,,CCAA,yes,
WISEPC J075946.98-490454.0,T8,68.0,14.0,13.5,666,88,07 59 46.79,-49 04 52.8,119.944966,2.0,-49.081344,2.0,2015.52,90.7,2.1,-370.7,0.8,250.0,0.8,Kirkpatrick2021a,,1,,WISEA J075946.98-490454.0,,Kirkpatrick2011,17.38,0.05,,,17.41,0.04,,,,,m-k--,,16.713,0.032,13.824,0.012,12.228,,8.997,,CCAA,,
CFBDS J005910.90-011401.3,T8.5,68.5,14.0,13.5,566,88,00 59 11.46,-01 14 01.0,14.79608,,-1.23358,,2009.65,103.2,2.1,884.7,1.1,44.0,1.2,Dupuy2012,,1,,WISE J005911.08-011400.9,,Cushing2011,18.15,0.04,18.34,0.03,18.27,0.05,18.71,0.05,18.63,0.05,VDffD,,17.038,0.076,13.731,0.018,11.646,0.226,9.095,,CCWW,,
ULAS J133553.45+113005.2,T8.5,68.5,14.0,13.5,573,88,13 35 53.36,+11 30 03.8,203.97277,,11.50141,,2010.25,99.9,1.6,-190.8,1.4,-202.4,1.4,Dupuy2012,,1,,WISEA J133553.41+113004.7,,Cushing2011,17.9,0.01,,,18.25,0.01,18.28,0.03,,,f-ff-,,16.939,0.047,13.946,0.015,12.151,0.358,8.904,,CCAA,,
WISEPA J231336.40-803700.3,T8,68.0,14.0,13.5,675,88,23 13 37.03,-80 37 02.5,348.404285,2.2,-80.617344,2.0,2015.51,92.6,2.2,282.4,0.9,-405.9,0.9,Kirkpatrick2021a,,1,,WISEA J231336.47-803700.4,,Kirkpatrick2011,17.06,0.02,16.97,0.24,17.28,0.14,,,17.25,0.12,VKk-V,,16.308,0.029,13.657,0.011,12.474,0.363,,,CCA-,,
WISEPA J062309.94-045624.6,T8,68.0,14.0,13.5,688,88,06 23 09.53,-04 56 23.3,95.7903446,,-4.939868,,2014.78,86.5,1.7,-906.3,1.8,168.8,1.6,Best2020,,1,,WISEA J062309.92-045624.5,,Kirkpatrick2011,17.12,0.02,17.51,0.1,17.31,0.11,,,17.65,0.13,VKK-V,,16.501,0.043,13.77,0.018,12.407,0.445,8.38,,CCAA,,
WISEPA J165311.05+444423.9,T8,68.0,14.0,13.5,696,88,16 53 11.00,+44 44 21.2,253.2958734,,44.73924,,2014.54,75.7,1.9,-76.0,1.8,-398.1,2.3,Best2020,,1,,WISEA J165311.03+444422.7,,Kirkpatrick2011,17.04,0.02,17.59,0.03,17.53,0.05,,,,,UKK--,,16.515,0.063,13.839,0.041,12.208,0.27,9.343,,CCAA,,
WISEPA J195905.66-333833.7,T8,68.0,14.0,13.5,710,88,19 59 05.66,-33 38 34.8,299.773586,1.9,-33.64298,1.9,2015.22,83.9,2.0,-4.7,0.8,-200.7,0.8,Kirkpatrick2021a,,1,2MASS J19590564-3338314,WISEA J195905.64-333833.8,,Kirkpatrick2011,16.71,0.01,16.87,0.15,17.18,0.05,,,16.8,0.07,VKK-V,,16.144,0.03,13.8,0.015,12.256,,,,CCA-,,
WISEPA J132233.66-234017.1,T8,68.0,14.0,13.5,808,88,13 22 33.51,-23 40 15.3,200.6402,,-23.6715,,2009.46,77.5,4.2,-348.3,1.5,391.6,1.6,Kirkpatrick2019,,1,,WISEA J132233.63-234017.0,,Kirkpatrick2011,16.84,0.02,17.01,0.11,16.61,0.14,,,17.48,0.14,VKK-V,,16.716,0.043,13.952,0.015,12.489,0.38,8.691,0.342,CCAA,,
WISEPA J031325.96+780744.2,T8.5,68.5,13.5,0.0,570,88,03 13 26.14,+78 07 44.6,48.359149,2.6,78.129087,2.7,2016.2,135.6,2.8,73.9,0.9,53.8,1.0,Kirkpatrick2021a,,1,,WISEA J031326.00+780744.3,,Kirkpatrick2011,,,17.65,0.07,17.63,0.06,,,,,-KK--,,15.982,0.02,13.224,0.01,12.045,0.264,8.668,,CCAA,,
UGPS J052127.27+364048.6,T8.5,68.5,13.5,0.0,616,88,05 21 27.72,+36 40 35.3,80.364579,,36.678113,,2012.65,122.2,1.6,569.0,0.9,-1511.0,1.0,Kirkpatrick2019,,1,,WISEA J052127.42+364043.6,,Burningham2011,16.94,0.02,,,17.28,0.04,17.31,0.08,,,u-uu-,,16.123,0.062,13.254,0.01,11.153,0.151,8.907,,ccAA,,
WISEPA J025409.45+022359.1,T8,68.0,13.5,0.0,621,73,02 54 10.57,+02 23 59.8,43.5400,,2.3996,,2010.75,144.1,1.5,2562.6,0.2,221.9,1.3,Kirkpatrick2019,,1,2MASS J02540788+0223563,WISEA J025409.55+022358.5,,Kirkpatrick2011,15.92,0.01,16.56,0.16,16.3,0.01,16.73,0.05,16.01,,UKPu2,,15.75,0.036,12.74,0.011,11.357,0.139,9.275,,CCAA,,
WISE J004945.61+215120.0,T8.5,68.5,13.5,0.0,640,88,00 49 45.51,+21 51 19.4,12.439534,2.0,21.855377,2.0,2015.44,140.4,2.1,-479.4,1.0,-54.0,1.0,Kirkpatrick2021a,,1,2MASS J00494608+2151204,WISEA J004945.65+215119.6,,Mace2013a,16.36,0.02,16.72,0.16,16.72,0.02,,,,,P2P--,,16.068,0.051,13.059,0.013,11.583,0.191,8.631,,CCAA,yes,
2MASSI J0415195-093506,T8,68.0,13.5,0.0,677,56,04 15 22.17,-09 34 57.2,63.8381,,-9.58353,,2009.65,175.2,1.7,2214.2,1.2,536.1,1.2,Dupuy2012,,1,2MASS J04151954-0935066,WISEA J041521.26-093500.4,,Burgasser2006,15.33,0.01,15.7,0.06,15.7,0.03,15.83,0.03,15.67,0.03,VKffV,,15.148,0.026,12.305,0.011,11.093,0.125,8.24,,CCAA,,
WISEP J115013.88+630240.7,T8,68.0,13.5,0.0,686,79,11 50 14.25,+63 02 38.1,177.558965,2.8,63.044112,2.3,2015.38,121.4,2.7,407.2,1.1,-540.4,0.9,Kirkpatrick2021a,,1,,WISEA J115013.85+630241.3,,Kirkpatrick2011,,,17.72,0.08,18.01,,,,16.65,,-KK-p,,16.783,0.052,13.406,0.016,12.375,0.303,9.046,,CCAA,,
2MASS J07290002-3954043,T8 pec,68.0,13.5,0.0,752,69,07 28 59.24,-39 53 37.2,112.247022,,-39.893729,,2013.23,110.8,1.5,-564.46,0.33,1694.63,0.31,Kirkpatrick2024,,1,2MASS J07290002-3954043,WISEA J072859.49-395345.3,,Looper2007,15.88,0.08,15.92,0.08,15.98,0.18,15.27,0.5,15.29,,f22f2,,15.581,0.022,13.002,0.007,11.366,0.119,9.09,,CCAA,,
WISE J200050.19+362950.1,T8,68.0,13.5,0.0,765,88,20 00 50.19,+36 29 52.0,300.209094,2.0,36.497796,2.1,2015.64,133.4,2.2,6.1,0.9,372.8,0.9,Kirkpatrick2021a,,1,2MASS J20005017+3629465,WISEA J200050.19+362950.1,,Cushing2014,15.46,0.01,15.81,0.09,15.74,0.01,16.06,0.03,16.8,,P2Pu2,,15.074,0.028,12.683,0.013,11.207,0.098,9.416,,CCAA,,
WISE J033515.01+431045.1,T9,69.0,100.0,15.1,495,88,03 35 15.10,+43 10 44.7,53.81468,1.6,43.177782,1.6,2016.67,84.8,1.7,822.7,0.6,-792.4,0.6,Kirkpatrick2021a,,1,,WISEA J033515.07+431044.7,,Mace2013a,19.47,0.02,19.73,,19.94,0.03,20.86,0.11,18.56,,sBsDB,,18.606,0.261,15.522,0.051,11.901,,8.563,,CCAA,,
WISEA J071301.86-585445.2,T9,69.0,100.0,15.1,521,88,07 13 01.91,-58 54 43.2,108.25801,2.8,-58.911799,2.8,2017.6,82.1,3.0,78.3,1.7,364.0,1.8,Kirkpatrick2021a,,1,,WISEA J071301.86-585445.2,,Tinney2018,,,19.56,0.14,19.48,0.15,,,,,-SS--,,19.268,0.249,15.207,0.022,12.789,,9.631,,CCAA,,
WISE J041358.14-475039.3,T9,69.0,100.0,15.1,540,88,04 13 58.20,-47 50 38.2,63.4926,3.0,-47.843712,3.2,2017.18,50.7,3.3,110.9,2.2,310.3,2.6,Kirkpatrick2021a,,1,,WISEA J041358.14-475039.4,,Mace2013a,19.71,0.13,20.28,0.2,20.2,0.03,,,,,VSk--,,19.155,0.226,15.6,0.033,12.808,,9.323,,CCAA,,
CWISE J042455.69+000221.5,T9:,69.0,100.0,15.1,566,79,04 24 55.70,+00 02 21.4,66.232184,81.0,0.039289,48.5,2017.06,53.2,11.7,183.1,30.6,-100.2,16.9,Kirkpatrick2021a,,1,,CWISE J042455.69+000221.5,,Kirkpatrick2021a,19.67,0.07,,,,,,,,,P----,,19.666,0.53,15.528,0.044,12.665,,,,CCA-,,Poorly constrained trigonometric parallax measurement; retained because d_est < 20 pc (Kirkpatrick2021a).
CWISE J002727.44-012101.7,T9,69.0,100.0,15.1,566,79,00 27 27.45,-01 21 01.8,6.864471,5.6,-1.350482,5.2,2016.8,54.2,7.9,449.3,2.6,57.1,2.1,Kirkpatrick2021a,,1,,CWISE J002727.44-012101.7,,Kirkpatrick2021a,19.64,0.06,,,,,,,,,P----,,18.201,0.149,15.215,0.036,11.998,,,,CCA-,,
CWISE J114120.42-211024.5,T9:,69.0,100.0,15.1,566,79,11 41 20.42,-21 10 24.6,175.334822,15.0,-21.173499,16.9,2016.55,57.9,52.5,-1001.0,19.0,-113.8,10.8,Kirkpatrick2021a,,1,,CWISE J114120.42-211024.5,,Kirkpatrick2021a,19.71,0.19,,,,,,,,,V----,,18.899,0.278,15.478,0.043,12.177,,,,CCA-,,Poorly constrained trigonometric parallax measurement; retained because d_est < 20 pc. Expected parallax is 57.9 mas (Kirkpatrick2021a).
WISE J124309.61+844547.8,T9,69.0,100.0,15.1,601,88,12 43 07.38,+84 45 45.2,190.77771,2.8,84.762231,2.8,2017.34,54.5,3.1,-531.9,1.8,-524.0,1.8,Kirkpatrick2021a,,1,,WISEA J124309.40+844547.7,,Thompson2013,18.86,0.03,,,19.21,0.07,,,,,P-P--,,18.804,0.17,15.523,0.029,13.045,,9.452,,CCAA,,
WISEA J223204.53-573010.4,T9,69.0,100.0,15.1,611,88,22 32 04.73,-57 30 11.1,338.020044,3.2,-57.503112,3.2,2016.92,51.7,3.4,412.6,1.8,-106.4,1.6,Kirkpatrick2021a,,1,,WISEA J223204.53-573010.4,,Tinney2018,18.98,0.07,,,19.2,0.1,,,,,V-k--,,17.678,0.082,15.14,0.028,11.9,0.315,8.74,,CCAA,,
WISE J221216.33-693121.6,T9,69.0,15.1,14.6,487,88,22 12 17.17,-69 31 21.5,333.072046,1.8,-69.522691,1.8,2016.48,80.6,1.9,789.2,0.7,-62.7,0.7,Kirkpatrick2021a,,1,,WISEA J221216.27-693121.6,,Schneider2015,19.74,0.02,,,20.23,0.04,,,,,s-s--,,18.39,0.141,15.031,0.023,12.621,,8.885,,CCAA,,
WISE J083337.83+005214.2,(sd)T9,69.0,15.1,14.6,472,88,08 33 38.18,+00 52 04.4,128.409249,2.8,0.867492,2.8,2017.5,79.7,3.1,786.8,2.1,-1593.7,2.0,Kirkpatrick2021a,,1,,WISEA J083337.81+005213.8,,Pinfield2014a,20.28,0.1,,,20.63,0.1,,,,,H-H--,,19.081,,14.908,0.025,12.3,,8.84,,CCAA,,
WISE J154214.00+223005.2,T9.5,69.5,15.1,14.6,472,88,15 42 13.58,+22 30 02.9,235.556133,2.7,22.500649,2.9,2017.61,84.3,3.0,-977.3,1.4,-392.5,1.2,Kirkpatrick2021a,,1,,WISEA J154214.00+223005.2,,Mace2013a,19.94,0.03,,,20.52,0.05,,,,,s-s--,,18.441,0.148,15.065,0.025,13.014,,9.3,,CCAA,,
WISEA J105553.62-165216.5,T9.5,69.5,15.1,14.6,511,79,10 55 53.19,-16 52 14.6,163.971935,2.2,-16.870689,2.1,2016.11,71.7,2.3,-1000.4,1.0,417.7,1.0,Kirkpatrick2021a,,1,,WISEA J105553.62-165216.5,,Martin2018,20.71,0.21,,,20.68,,,,,,P-S--,,18.095,0.145,15.087,0.03,12.238,,8.878,,CCAA,,
WISEPC J014807.25-720258.7,T9.5,69.5,15.1,14.6,526,88,01 48 09.08,-72 02 58.8,27.0362133,,-72.0496697,,2015.4,91.7,3.4,1269.3,4.1,0.0,4.4,Tinney2014,,1,,WISEA J014807.34-720258.7,,Kirkpatrick2011,18.91,0.04,18.96,0.07,19.16,0.03,,,,,MDM--,,17.899,0.079,14.629,0.016,12.576,,9.333,,CCAA,,
WISEA J215949.54-480855.2,T9,69.0,15.1,14.6,549,88,21 59 49.74,-48 09 03.5,329.957007,2.5,-48.150396,2.4,2015.38,73.9,2.6,322.0,1.2,-1238.4,1.1,Kirkpatrick2021a,,1,,WISEA J215949.54-480855.2,,Tinney2018,18.83,0.1,,,19.25,0.12,,,,,V-k--,,17.966,0.125,14.655,0.022,11.523,,8.778,,CCAA,,
WISEPC J131106.24+012252.4,T9:,69.0,15.1,14.6,554,88,13 11 06.34,+01 22 50.3,197.77626,,1.381093,,2013.23,68.8,2.7,277.9,0.9,-813.9,0.9,Kirkpatrick2019,,1,,WISEA J131106.21+012253.9,,Kirkpatrick2011,18.75,0.07,,,19.32,0.23,,,,,P-k--,,17.877,0.109,14.737,0.024,12.645,,9.167,,CCAA,,
WISE J233226.49-432510.6,T9:,69.0,15.1,14.6,555,88,23 32 26.61,-43 25 12.2,353.110885,2.0,-43.420058,2.0,2015.41,61.1,2.1,250.2,0.8,-262.5,0.9,Kirkpatrick2021a,,1,,WISEA J233226.54-432510.9,,Kirkpatrick2012,19.36,0.07,,,19.57,0.15,,,,,V-k--,,18.471,0.188,15.061,0.029,12.21,,8.646,,CCAA,,
WISE J032517.69-385454.1,T9,69.0,15.1,14.6,556,88,03 25 17.80,-38 54 54.5,51.324332,2.8,-38.915248,3.5,2016.74,60.2,3.5,287.9,1.3,-110.6,1.6,Kirkpatrick2021a,,1,,WISE J032517.69-385454.1,,Mace2013a,,,19.33,0.23,19.58,0.2,,,,,-SS--,,18.341,0.128,15.036,0.025,13.222,0.457,9.657,,CCWW,,
CWISE J091105.02+214645.1,T9,69.0,15.1,14.6,566,79,09 11 05.03,+21 46 45.1,137.770876,6.6,21.779183,6.2,2015.91,72.8,,-104.4,1.8,-658.8,1.7,Kirkpatrick2021a,,1,,CWISE J091105.02+214645.1,,Kirkpatrick2021a,17.48,0.01,17.94,0.13,17.88,0.05,,,17.92,,PBP-B,,17.39,0.071,14.613,0.021,12.157,,,,CCA-,,Expected parallax is 72.8 mas (Kirkpatrick2021a).
WISEPC J234446.25+103415.8,T9,69.0,15.1,14.6,574,88,23 44 46.57,+10 34 15.4,356.194542,2.7,10.570929,2.1,2017.6,68.0,2.6,946.5,1.3,-30.4,1.0,Kirkpatrick2021a,,1,,WISEA J234446.24+103415.8,,Kirkpatrick2011 | Mace2013a,18.78,0.06,,,19.07,0.11,,,,,K-K--,,17.929,0.116,14.954,0.029,12.345,,,,CCA-,,
WISEPA J180435.40+311706.1,T9.5:,69.5,15.1,14.6,578,88,18 04 35.25,+31 17 06.5,271.146832,2.5,31.285127,2.6,2016.23,62.2,2.7,-254.1,0.9,2.9,0.9,Kirkpatrick2021a,,1,,WISEA J180435.37+311706.2,,Kirkpatrick2011,18.7,0.05,18.88,,19.21,0.11,,,16.86,,KKK-p,,18.083,0.095,14.652,0.018,12.15,,9.321,,CCAA,,
WISE J072312.44+340313.5,T9:,69.0,15.1,14.6,631,88,07 23 12.48,+34 03 11.6,110.802002,2.1,34.053026,2.1,2017.58,60.8,2.1,-3.2,0.8,-348.1,0.9,Kirkpatrick2021a,,1,,WISEA J072312.47+340313.5,,Mace2013a,18.19,0.02,18.21,0.14,18.63,0.06,,,17.06,,PpP-p,,17.876,0.115,14.717,0.024,11.92,,8.155,,CCAA,,
WISEA J133300.03-160754.4,T9,69.0,15.1,14.6,689,88,13 32 59.93,-16 07 55.2,203.249437,3.5,-16.132061,2.9,2017.23,52.8,3.5,-329.0,1.9,-131.9,1.6,Kirkpatrick2021a,,1,,WISEA J133300.03-160754.4,,Kirkpatrick2021a,18.73,0.07,19.05,0.11,18.37,0.13,,,,,VSk--,,17.441,0.086,14.912,0.028,12.409,,9.218,,CCAA,,
WISE J111239.24-385700.7,T9,69.0,14.6,14.1,461,88,11 12 39.60,-38 56 56.5,168.164941,4.7,-38.94906,4.2,2016.82,102.6,3.7,671.5,1.6,674.0,1.5,Kirkpatrick2021a,,1,,WISEA J111239.25-385700.5,,Tinney2018,20.36,0.33,20.73,0.27,20.4,0.25,,,,,VSS--,,18.26,0.197,14.504,0.03,12.185,,8.933,,CCAA,,
WISE J094305.98+360723.5,T9.5,69.5,14.6,14.1,468,88,09 43 06.20,+36 07 22.0,145.776141,2.8,36.122541,3.0,2015.36,97.1,2.9,669.5,1.2,-501.2,1.4,Kirkpatrick2021a,,1,,WISEA J094306.00+360723.3,,Cushing2014,19.77,0.03,19.84,,20.32,0.04,,,18.54,,sBs-B,,18.594,0.345,14.419,0.028,12.289,0.394,8.831,,CCAA,,
WISE J081117.81-805141.3,T9.5:,69.5,14.6,14.1,479,88,08 11 18.23,-80 51 40.9,122.8259755,,-80.8613678,,2015.4,99.1,7.7,288.4,6.8,-54.0,4.7,Tinney2014,,1,,WISEA J081117.95-805141.4,,Mace2013a,19.9,0.18,19.9,0.18,19.99,0.14,20.49,0.2,,,mSkD-,,17.863,0.074,14.432,0.014,12.638,0.32,9.214,0.382,CCAA,,
WISEPC J232519.54-410534.9,T9 pec,69.0,14.6,14.1,503,88,23 25 20.08,-41 05 35.1,351.3331034,,-41.0930707,,2015.4,108.4,3.7,836.8,6.7,-17.5,8.8,Tinney2014,,1,,WISEA J232519.55-410535.1,,Kirkpatrick2011,19.75,0.05,,,19.22,0.11,,,,,t-K--,,17.388,0.089,14.212,0.024,12.263,,,,CCA-,,
WISEPA J161441.45+173936.7,T9,69.0,14.6,14.1,510,88,16 14 41.74,+17 39 32.4,243.673745,2.5,17.659099,2.6,2016.19,98.2,2.7,550.6,1.0,-477.1,1.0,Kirkpatrick2021a,,1,,WISEA J161441.47+173935.4,,Kirkpatrick2011,19.08,0.06,,,19.31,0.04,,,,,K-k--,,17.663,0.116,14.301,0.027,12.244,,9.124,,CCAA,,
WISE J003829.05+275852.1,T9,69.0,14.6,14.1,545,88,00 38 29.06,+27 58 52.4,9.621131,1.9,27.981211,1.9,2015.39,88.2,2.0,-12.0,0.9,92.4,1.0,Kirkpatrick2021a,,1,,WISEA J003829.06+275852.0,,Mace2013a,18.61,0.02,,,18.92,0.04,,,,,m-k--,,17.503,0.074,14.418,0.019,12.379,0.332,8.91,,CCAA,,
WISE J210200.15-442919.5,T9,69.0,14.6,14.1,560,88,21 02 00.17,-44 29 21.5,315.5006876,,-44.4892833,,2015.4,92.9,1.9,41.6,1.9,-354.5,2.7,Tinney2014,,1,,WISEA J210200.14-442919.9,,Kirkpatrick2012,18.3,0.04,,,18.58,0.07,,,18.59,0.24,V-k-V,,16.703,0.039,14.16,0.016,12.056,,8.937,,CCAA,,
WISE J000517.48+373720.5,T9,69.0,14.1,0.0,555,88,00 05 18.01,+37 37 18.9,1.324667,2.0,37.621951,2.0,2015.56,126.9,2.1,997.3,1.0,-271.6,1.0,Kirkpatrick2021a,,1,,WISE J000517.48+373720.5,,Mace2013a,18.33,0.12,,,,,,,,,-----,,16.88,0.119,13.267,0.031,11.99,0.235,9.23,,WWWW,,
WISEPA J213456.73-713743.6,T9 pec,69.0,14.1,0.0,481,88,21 34 58.45,-71 37 45.6,323.7425500,,-71.6293047,,2015.4,109.7,3.7,1363.2,6.2,-223.2,4.9,Tinney2014,,1,,WISEA J213456.79-713744.7,,Kirkpatrick2011,19.81,0.1,,,19.7,0.12,,,,,M-M--,,17.58,0.089,13.955,0.013,12.389,0.396,,,CCA-,,
WISEPA J174124.26+255319.5,T9,69.0,14.1,0.0,570,88,17 41 24.06,+25 53 12.1,265.3505,,25.8875,,2013.37,214.3,2.8,-505.3,1.1,-1472.6,1.3,Kirkpatrick2019,,1,2MASS J17412462+2553343,WISEA J174124.22+255319.2,,Kirkpatrick2011,16.11,0.01,16.48,0.02,16.63,0.03,17.02,0.2,16.89,0.2,UKkDp,,15.407,0.019,12.378,0.007,10.698,0.084,8.37,,CCAA,,
WISEA J125721.01+715349.3,Y1,71.0,100.0,15.9,367,79,12 57 20.15,+71 53 49.2,194.333106,41.0,71.896932,36.3,2016.33,60.2,,-928.1,14.4,85.7,12.5,Kirkpatrick2021a,,1,,WISEA J125721.01+715349.3,,,19.02,,,,,,,,,,A----,,18.706,0.15,16.074,0.046,12.815,,9.464,,CCAA,,Expected parallax is 60.2 mas (Kirkpatrick2021a) and estimated spectral type is >=Y1 (Meisner2020b).
CWISEP J094005.50+523359.2,Y1,71.0,100.0,15.9,367,79,09 40 05.46,+52 33 58.7,145.022593,102.4,52.566241,84.8,2016.89,66.4,12.2,-342.0,40.4,-352.6,32.5,Kirkpatrick2021a,,1,,CWISEP J094005.50+523359.2,,,21.26,,,,,,,,,,a----,,19.845,,15.913,0.051,,,,,CC--,,Estimated spectral type is >=Y1 (Meisner2020a).
CWISEP J223022.60+254907.5,Y1,71.0,100.0,15.9,367,79,22 30 22.51,+25 49 07.3,337.593652,106.1,25.818347,56.5,2017.0,71.3,16.0,-570.3,42.0,-464.4,22.5,Kirkpatrick2021a,,1,,CWISEP J223022.60+254907.5,,,21.16,,,,,,,,,,a----,,18.672,0.217,16.227,0.075,,,,,CC--,,Estimated spectral type >=Y1 (Meisner2020a).
CWISEP J023842.60-133210.7,Y1,71.0,100.0,15.9,367,79,02 38 42.59,-13 32 11.1,39.677455,168.2,-13.536971,140.2,2016.73,85.8,21.4,-62.0,58.2,-768.5,44.6,Kirkpatrick2021a,,1,,CWISEP J023842.60-133210.7,,,21.46,,,,,,,,18.32,,a---a,,19.653,,16.324,0.083,,,,,CC--,,Spectral type estimate >=Y1 (Meisner2020a).
WISEU J050305.68-564834.0,Y1,71.0,100.0,15.9,367,79,05 03 06.28,-56 48 31.8,75.776553,25.5,-56.808684,27.5,2016.89,98.3,3.9,759.2,9.3,288.2,10.1,Kirkpatrick2021a,,1,,WISEU J050305.68-564834.0,,,20.57,0.29,,,,,,,,,V----,,19.823,,15.985,0.038,,,,,CC--,,Spectral type estimate is >=Y1 (Meisner2020b).
CWISEP J235644.78-481456.3,Y0.5,70.5,100.0,15.9,412,79,23 56 44.87,-48 14 56.7,359.18727,52.8,-48.249206,57.3,2016.41,57.6,,886.4,16.8,-35.0,18.5,Kirkpatrick2021a,,1,,CWISEP J235644.78-481456.3,,,21.77,0.28,,,19.14,,,,18.3,,a-a-a,,18.843,0.214,16.066,0.057,,,,,CC--,yes,Expected parallax is 57.6 mas (Kirkpatrick2021a) and estimated spectral type is Y0.5 (Meisner2020a).
CWISEP J032109.59+693204.5,Y0.5,70.5,100.0,15.9,412,79,03 21 09.84,+69 32 03.8,50.292298,25.7,69.534458,24.8,2017.12,68.5,4.0,923.9,10.0,-365.3,9.6,Kirkpatrick2021a,,1,,CWISEP J032109.59+693204.5,,,21.16,,,,,,,,,,a----,,19.264,,15.991,0.049,,,,,CC--,,Spectral type estimate Y0.5 (Meisner2020a).
CWISE J181125.34+665806.4,Y0,70.0,100.0,15.9,412,79,18 11 25.34,66 58 06.4,272.855621,33.5,66.968261,28.7,2015.74,69.7,6.8,-91.7,13.9,-439.8,11.6,Kirkpatrick2024,,1,,,,,21.61,0.04,,,,,,,,,x----,,19.061,0.082,16.024,0.03,,,,,CC--,,Estimate is a spectral type of early-Y (Kirkpatrick2024).
CWISE J222701.50+260450.0,Y0,70.0,100.0,15.9,460,79,22 27 01.5,26 04 50.0,336.7562349,295.6,26.080549,308.1,2015.41,50.0,,302.51,102.7,153.7,108.9,CatWISE2020,,1,,,,,22.15,0.05,,,,,,,,,x----,,19.744,,16.291,0.08,,,,,CC--,,Estimates are distance 20.0 pc and spectral type Y0 (Kirkpatrick2024).
CWISEP J093852.89+063440.6,Y0,70.0,15.9,15.4,460,79,09 38 52.92,+06 34 40.2,144.720858,108.5,6.577415,68.1,2016.94,67.9,13.8,435.3,43.3,-662.7,26.2,Kirkpatrick2021a,,1,,CWISEP J093852.89+063440.6,,,21.03,0.12,,,19.69,,18.79,,,,a-aa-,,17.843,0.103,15.882,0.058,,,,,CC--,,Estimated spectral type is Y0 (Meisner2020a).
CWISEP J085938.95+534908.7,Y0,70.0,100.0,15.9,460,79,08 59 38.92,+53 49 08.4,134.911948,102.7,53.818871,70.8,2017.01,53.8,11.5,-215.6,43.2,-327.8,29.4,Kirkpatrick2021a,,1,,CWISEP J085938.95+534908.7,,,19.7,,,,,,,,,,a----,,19.757,,16.009,0.061,,,,,CC--,,Poorly constrained trigonometric parallax measurement; retained because d_est < 20 pc. Expected parallax is 53.8 mas (Kirkpatrick2021a) and estimated spectral type is Y0 (Meisner2020a).
CWISEP J104756.81+545741.6,Y0,70.0,100.0,15.9,460,79,10 47 56.70,+54 57 41.7,161.985934,105.4,54.961405,88.7,2016.91,75.2,12.8,-447.9,41.7,-65.5,35.2,Kirkpatrick2021a,,1,,CWISEP J104756.81+545741.6,,,19.83,,,,,,,,,,a----,,19.365,,16.177,0.064,,,,,CC--,,Estimated spectral type is Y0 (Meisner2020a).
WISEA J153429.75-104303.3,Y0,70.0,100.0,15.9,686,79,15 34 29.19,-10 43 19.0,233.622084,174.9,-10.721453,86.2,2016.3,61.4,4.7,-1253.1,8.9,-2377.0,7.0,Kirkpatrick2021b,,1,,WISEA J153429.75-104303.3,,,24.5,0.3,,,18.58,,,,17.85,,z-a-a,,18.182,0.189,16.145,0.084,12.014,,8.881,,CCAA,,"Estimated spectral type is esdT/Y (Kirkpatrick2021b). Aka ""The Accident""."
CWISEP J193518.59-154620.3,Y1,71.0,15.9,15.4,367,79,19 35 18.61,-15 46 20.8,293.827684,25.2,-15.772363,25.1,2017.51,69.3,3.8,290.2,11.6,43.1,11.5,Kirkpatrick2021a,,1,,CWISEP J193518.59-154620.3,,,21.7,,,,,,,,18.0,,a---a,,18.754,0.289,15.792,0.061,,,,,CC--,,Estimated spectral type is >=Y1 (Meisner2020a).
CWISEP J225628.97+400227.3,Y1,71.0,15.9,15.4,367,79,22 56 29.08,+40 02 27.4,344.121593,70.3,40.040903,50.6,2016.9,101.8,11.2,698.4,26.0,-175.1,18.8,Kirkpatrick2021a,,1,,CWISEP J225628.97+400227.3,,,21.7,0.41,,,,,,,,,a----,,18.774,0.214,15.856,0.049,,,,,CC--,,Estimated spectral type >=Y1 (Meisner2020a).
CWISEP J040235.55-265145.4,Y1,71.0,15.9,15.4,367,79,04 02 35.60,-26 51 45.4,60.649091,67.7,-26.863288,63.4,2017.18,116.4,20.5,767.0,25.6,-532.9,23.1,Kirkpatrick2021a,,1,,CWISEP J040235.55-265145.4,,,20.34,,,,,,,,18.41,,a---a,,17.995,0.112,15.583,0.041,,,,,CC--,,Spectral type estimate >=Y1 (Meisner2020a).
WISEA J030237.53-581740.3,Y0:,70.0,15.9,15.4,460,79,03 02 37.48,-58 17 40.6,45.656205,3.3,-58.294736,3.1,2017.41,59.9,3.3,52.0,3.5,-70.8,3.5,Kirkpatrick2021a,,1,,WISEA J030237.53-581740.3,,Tinney2018,20.76,0.11,,,,,,,,,-----,,18.99,0.185,15.897,0.038,12.94,,9.323,,CCAA,,
CWISEP J063428.10+504925.9,Y0,70.0,15.9,15.4,460,79,06 34 28.14,+50 49 24.4,98.617026,35.2,50.823248,35.2,2016.97,62.0,4.2,285.9,13.6,-1157.6,13.6,Kirkpatrick2021a,,1,,CWISEP J063428.10+504925.9,,,19.52,,,,,,,,,,a----,,18.709,0.227,15.888,0.055,,,,,CC--,,Spectral type estimate is Y0 (Meisner2020a).
CWISE J235120.60-700026.2,Y0,70.0,15.9,15.4,460,79,23 51 20.6,-70 00 26.2,357.8357837,143.8,-70.007267,130.2,2015.41,76.3,,16.08,52.2,-132.28,49.1,CatWISE2020,,1,,,,,22.43,0.21,,,,,,,,,x----,,19.439,0.335,15.626,0.036,,,,,CC--,,Estimates are distance 13.1 pc and spectral type Y0 (Kirkpatrick2024).
WISEA J193054.55-205949.4,Y1,71.0,15.4,14.9,367,79,19 30 54.11,-20 59 55.8,292.725194,23.9,-20.99913,18.2,2017.45,106.3,4.9,-1047.5,10.2,-1075.9,8.0,Kirkpatrick2021a,,1,,WISEA J193054.55-205949.4,,,19.8,,,,,,,,18.08,,A---A,,19.389,,15.352,0.044,12.096,,8.295,,CCAA,,Estimated spectral type is >=Y1 (Meisner2020b).
CWISE J153143.38-330657.3,Y0,70.0,15.4,14.9,460,79,15 31 43.39,-33 06 57.4,232.9307741,111.6,-33.115949,125.7,2015.41,58.9,,-27.87,37.8,-308.07,39.7,CatWISE2020,,1,,CWISE J153143.38-330657.3,,,18.66,0.08,,,,,,,,,V----,,18.986,0.344,14.995,0.034,,,,,CC--,,Expected parallax is 58.9 mas and estimated spectral type is Y0 (Kirkpatrick2021a).
WISEA J224319.56-145857.3,Y0,70.0,15.4,14.9,460,79,22 43 19.66,-14 59 00.3,340.831935,42.6,-14.983549,55.1,2016.41,68.3,,329.9,14.4,-532.1,16.8,Kirkpatrick2021a,,1,,WISEA J224319.56-145857.3,,,19.91,,,,,,,,18.06,,A---A,,18.435,0.208,15.399,0.047,12.255,,8.794,,CCAA,,Expected parallax is 68.3 mas (Kirkpatrick2021a) and estimated spectral type is Y0 (Meisner2020b).
CWISEP J201146.45-481259.7,Y0,70.0,15.4,14.9,460,79,20 11 46.50,-48 12 59.8,302.943925,25.0,-48.216745,23.7,2017.47,71.0,3.7,72.4,11.0,-402.8,10.5,Kirkpatrick2021a,,1,,CWISE J201146.50-481259.8,,,20.08,,,,19.05,,,,18.46,,a-a-a,,17.767,0.113,15.334,0.04,,,,,CC--,,Estimated spectral type is Y0 (Meisner2020a).
CWISER J021612.11+423015.9,Y0,70.0,15.4,14.9,460,79,02 16 12.11,42 30 15.9,34.0505316,108.9,42.504472,110.1,2015.41,92.6,,371.52,36.4,213.35,36.2,CatWISE2020,,1,,,,,21.72,0.04,,,,,,,,,x----,,19.412,0.412,15.196,0.035,,,,,cc--,,Estimates are distance 10.8 pc and spectral type Y0 (Kirkpatrick2024).
CWISE J092503.20-472013.8,Y0,70.0,15.4,14.9,460,79,09 25 03.21,-47 20 14.2,141.2633899,103.9,-47.337285,113.4,2015.41,93.3,,-80.41,37.9,804.0,42.9,CatWISE2020,,1,,CWISE J092503.20-472013.8,,,18.29,0.05,,,,,,,,,-----,,19.234,0.375,15.298,0.027,,,,,CC--,,Expected parallax is 93.3 mas and estimated spectral type is Y0 (Kirkpatrick2021a).
WISE J035000.32-565830.2,Y1,71.0,14.9,0.0,388,88,03 50 00.21,-56 58 33.1,57.500868,2.2,-56.975831,2.4,2015.21,176.4,2.3,-208.7,1.0,-575.4,1.1,Kirkpatrick2021a,,1,,WISEA J035000.31-565830.5,,Kirkpatrick2012,22.18,0.07,,,22.26,0.14,,,,,s-s--,,18.577,0.122,14.733,0.016,12.325,0.282,8.931,,CCAA,,
WISE J220905.73+271143.9,Y0:,70.0,14.9,0.0,389,88,22 09 06.33,+27 11 35.0,332.275805,1.9,27.193641,1.9,2015.41,161.7,2.0,1202.2,0.8,-1365.4,0.8,Kirkpatrick2021a,,1,,WISEA J220905.75+271143.6,,Cushing2014,22.86,0.13,,,22.39,0.15,,,,,s-s--,,18.52,0.202,14.739,0.022,12.455,0.387,9.173,,CCAA,,
WISENF J193656.08+040801.2,Y0,70.0,14.9,0.0,460,79,19 36 55.95,+04 07 55.1,294.232524,19.9,4.131561,20.1,2017.97,113.9,3.8,-428.6,11.4,-1102.1,11.5,Kirkpatrick2021a,,1,,WISENF J193656.08+040801.2,,,19.57,,,,,,,,,,a----,,17.174,0.097,14.445,0.021,,,,,CC--,,Estimated spectral type is Y0 (Meisner2020a).